date,fund,fund_scope,fund_level_ntd,fund_level_100m_ntd,reported_fund_level_ntd,fund_ytd_return_pct,fund_annualized_return_pct,taiwan_registered_population,taiwan_deaths,taiwan_age_60plus_annual_deaths,taiwan_age_60plus_population,taiwan_age_60plus_monthly_mortality_rate,taiwan_age_60plus_mortality_reference_year,labor_insurance_old_age_pension_recipients,monthly_pension_recipients,new_monthly_pension_recipients,estimated_new_monthly_pension_recipients,unshifted_estimated_new_monthly_pension_recipients,new_monthly_pension_recipients_shift,reported_new_monthly_pension_recipients,new_monthly_pension_recipients_method,lumpsum_recipients,source_title,source_url,population_source_url,pension_recipients_source_url,lumpsum_recipients_source_url,payment_month_new_monthly_pension_recipients,payment_month_estimated_new_monthly_pension_recipients,payment_month_unshifted_estimated_new_monthly_pension_recipients,payment_month_reported_new_monthly_pension_recipients,payment_month_new_monthly_pension_recipients_method,new_monthly_pension_recipients_source_period,new_monthly_pension_recipients_source_url
2009-01,勞工保險基金,普通事故及職業災害保險,200243829119,2002.4383,,,,23046177,9689,105541,3368410,0.0026493138,2009,0,0,15707,15707,18159,-2452.130046,,estimated_from_stock_change_mortality_and_shift,18125,1月,https://www.blf.gov.tw/media/mlrjsejf/d-library-downloads-blf_cht_file_20170316-sitebuilderuploads-946-a06147cff8222bc6c2b82df2a4beecce.pdf?mediaDL=true,https://www.ris.gov.tw/info-popudata/app/awFastDownload/toMain_panel,https://www.bli.gov.tw/0105220.html,https://events.bli.gov.tw/report/attachment_file/report/month/09801/1181102020.csv,0,0,0,,estimated_from_stock_change_mortality_and_shift,2009-02,https://events.bli.gov.tw/report/attachment_file/report/month/09802/a12010.csv
2009-02,勞工保險基金,普通事故及職業災害保險,193961295769,1939.613,,,,23049407,15877,105541,3368410,0.0026493138,2009,18159,18159,6732,6732,9184,-2452.130046,,estimated_from_stock_change_mortality_and_shift,5562,2月,https://www.blf.gov.tw/media/lvaj0dkx/d-library-downloads-blf_cht_file_20170316-sitebuilderuploads-947-c998d2f96efc7832355b4d33d6f2c9db.pdf?mediaDL=true,https://www.ris.gov.tw/info-popudata/app/awFastDownload/toMain_panel,https://events.bli.gov.tw/report/attachment_file/report/month/09802/a12010.csv,https://events.bli.gov.tw/report/attachment_file/report/month/09802/1181102020.csv,15707,15707,18159,,estimated_from_stock_change_mortality_and_shift,2009-03,https://events.bli.gov.tw/report/attachment_file/report/month/09803/a12010.csv
2009-03,勞工保險基金,普通事故及職業災害保險,192729506302,1927.2951,,,,23058550,12635,105541,3368410,0.0026493138,2009,27295,27295,4623,4623,7075,-2452.130046,,estimated_from_stock_change_mortality_and_shift,8066,3月,https://www.blf.gov.tw/media/ruhj0khx/d-library-downloads-blf_cht_file_20170316-sitebuilderuploads-948-106b544a8d081146de364bac0eda8edb.pdf?mediaDL=true,https://www.ris.gov.tw/info-popudata/app/awFastDownload/toMain_panel,https://events.bli.gov.tw/report/attachment_file/report/month/09803/a12010.csv,https://events.bli.gov.tw/report/attachment_file/report/month/09803/1181102020.csv,6732,6732,9184,,estimated_from_stock_change_mortality_and_shift,2009-04,https://events.bli.gov.tw/report/attachment_file/report/month/09804/a12010.csv
2009-04,勞工保險基金,普通事故及職業災害保險,195198099036,1951.981,,,,23059339,11953,105541,3368410,0.0026493138,2009,34298,34298,2627,2627,5079,-2452.130046,,estimated_from_stock_change_mortality_and_shift,7148,4月,https://www.blf.gov.tw/media/hxqh0u3g/d-library-downloads-blf_cht_file_20170316-sitebuilderuploads-949-212cf65e88d31a49dff6deb8ed95cb0e.pdf?mediaDL=true,https://www.ris.gov.tw/info-popudata/app/awFastDownload/toMain_panel,https://events.bli.gov.tw/report/attachment_file/report/month/09804/a12010.csv,https://events.bli.gov.tw/report/attachment_file/report/month/09804/1181102020.csv,4623,4623,7075,,estimated_from_stock_change_mortality_and_shift,2009-05,https://events.bli.gov.tw/report/attachment_file/report/month/09805/a12010.csv
2009-05,勞工保險基金,普通事故及職業災害保險,236094119374,2360.9412,,,,23063027,10327,105541,3368410,0.0026493138,2009,39286,39286,900,900,3352,-2452.130046,,estimated_from_stock_change_mortality_and_shift,4896,5月,https://www.blf.gov.tw/media/tjlmg5n5/d-library-downloads-blf_cht_file_20170316-sitebuilderuploads-953-a9a1efcdbcb765b2708d3b7e1e7001af.pdf?mediaDL=true,https://www.ris.gov.tw/info-popudata/app/awFastDownload/toMain_panel,https://events.bli.gov.tw/report/attachment_file/report/month/09805/a12010.csv,https://events.bli.gov.tw/report/attachment_file/report/month/09805/1181102020.csv,2627,2627,5079,,estimated_from_stock_change_mortality_and_shift,2009-06,https://events.bli.gov.tw/report/attachment_file/report/month/09806/a12010.csv
2009-06,勞工保險基金,普通事故及職業災害保險,241376009281,2413.7601,,,,23069345,12422,105541,3368410,0.0026493138,2009,42534,42534,2489,2489,4941,-2452.130046,,estimated_from_stock_change_mortality_and_shift,9667,6月,https://www.blf.gov.tw/media/4vghpjlj/d-library-downloads-blf_cht_file_20170316-sitebuilderuploads-954-eee6f7743e20a3434de17f1f586f962a.pdf?mediaDL=true,https://www.ris.gov.tw/info-popudata/app/awFastDownload/toMain_panel,https://events.bli.gov.tw/report/attachment_file/report/month/09806/a12010.csv,https://events.bli.gov.tw/report/attachment_file/report/month/09806/1181102020.csv,900,900,3352,,estimated_from_stock_change_mortality_and_shift,2009-07,https://events.bli.gov.tw/report/attachment_file/report/month/09807/a12010.csv
2009-07,勞工保險基金,普通事故及職業災害保險,254710759933,2547.1076,,,,23077191,11609,105541,3368410,0.0026493138,2009,47362,47362,1800,1800,4252,-2452.130046,,estimated_from_stock_change_mortality_and_shift,10514,7月,https://www.blf.gov.tw/media/xkddqm2f/d-library-downloads-blf_cht_file_20170316-sitebuilderuploads-955-db47b17d9ce3d375ff874ca19240a7a6.pdf?mediaDL=true,https://www.ris.gov.tw/info-popudata/app/awFastDownload/toMain_panel,https://events.bli.gov.tw/report/attachment_file/report/month/09807/a12010.csv,https://events.bli.gov.tw/report/attachment_file/report/month/09807/1181102020.csv,2489,2489,4941,,estimated_from_stock_change_mortality_and_shift,2009-08,https://events.bli.gov.tw/report/attachment_file/report/month/09808/a12010.csv
2009-08,勞工保險基金,普通事故及職業災害保險,260083291870,2600.8329,,12.79,19.785954,23082125,11824,105541,3368410,0.0026493138,2009,51489,51489,962,962,3414,-2452.130046,,estimated_from_stock_change_mortality_and_shift,7489,8月,https://www.blf.gov.tw/media/jmwfaaz1/d-library-downloads-blf_cht_file_20170316-sitebuilderuploads-956-b2090505d106084493189f2e66aac4a5.pdf?mediaDL=true,https://www.ris.gov.tw/info-popudata/app/awFastDownload/toMain_panel,https://events.bli.gov.tw/report/attachment_file/report/month/09808/a12010.csv,https://events.bli.gov.tw/report/attachment_file/report/month/09808/1181102020.csv,1800,1800,4252,,estimated_from_stock_change_mortality_and_shift,2009-09,https://events.bli.gov.tw/report/attachment_file/report/month/09809/a12010.csv
2009-09,勞工保險基金,普通事故及職業災害保險,271165346493,2711.6535,,15.5,21.183264,23086441,11610,105541,3368410,0.0026493138,2009,54767,54767,1495,1495,3947,-2452.130046,,estimated_from_stock_change_mortality_and_shift,8297,9月,https://www.blf.gov.tw/media/vo2bcme5/d-library-downloads-blf_cht_file_20170316-sitebuilderuploads-957-b482b472142ea92a9df84dda80f19553.pdf?mediaDL=true,https://www.ris.gov.tw/info-popudata/app/awFastDownload/toMain_panel,https://events.bli.gov.tw/report/attachment_file/report/month/09809/a12010.csv,https://events.bli.gov.tw/report/attachment_file/report/month/09809/1181102020.csv,962,962,3414,,estimated_from_stock_change_mortality_and_shift,2009-10,https://events.bli.gov.tw/report/attachment_file/report/month/09810/a12010.csv
2009-10,勞工保險基金,普通事故及職業災害保險,274708851397,2747.0885,,14.14,17.199414,23098049,11476,105541,3368410,0.0026493138,2009,58569,58569,1404,1404,3856,-2452.130046,,estimated_from_stock_change_mortality_and_shift,8534,10月,https://www.blf.gov.tw/media/lp4hyc1g/d-library-downloads-blf_cht_file_20170316-sitebuilderuploads-958-1e1fa4ce634102e6b1fc4a8d1004025f.pdf?mediaDL=true,https://www.ris.gov.tw/info-popudata/app/awFastDownload/toMain_panel,https://events.bli.gov.tw/report/attachment_file/report/month/09810/a12010.csv,https://events.bli.gov.tw/report/attachment_file/report/month/09810/1181102020.csv,1495,1495,3947,,estimated_from_stock_change_mortality_and_shift,2009-11,https://events.bli.gov.tw/report/attachment_file/report/month/09811/a12010.csv
2009-11,勞工保險基金,普通事故及職業災害保險,283447744154,2834.4774,,15.59,17.122488,23109141,11450,105541,3368410,0.0026493138,2009,62270,62270,1075,1075,3527,-2452.130046,,estimated_from_stock_change_mortality_and_shift,7686,11月,https://www.blf.gov.tw/media/td1l3hoy/d-library-downloads-blf_cht_file_20170316-sitebuilderuploads-959-18d555c6d51f91f867cccb6780ba2e5c.pdf?mediaDL=true,https://www.ris.gov.tw/info-popudata/app/awFastDownload/toMain_panel,https://events.bli.gov.tw/report/attachment_file/report/month/09811/a12010.csv,https://events.bli.gov.tw/report/attachment_file/report/month/09811/1181102020.csv,1404,1404,3856,,estimated_from_stock_change_mortality_and_shift,2009-12,https://events.bli.gov.tw/report/attachment_file/report/month/09812/a12010.csv
2009-12,勞工保險基金,普通事故及職業災害保險,296607797498,2966.078,,18.21,18.21,23119772,12710,105541,3368410,0.0026493138,2009,65632,65632,3154,3154,5606,-2452.130046,,estimated_from_stock_change_mortality_and_shift,8501,12月,https://www.blf.gov.tw/media/bcwjgduj/d-library-downloads-blf_cht_file_20170316-sitebuilderuploads-960-840df2476182cb65713223126a4376ee.pdf?mediaDL=true,https://www.ris.gov.tw/info-popudata/app/awFastDownload/toMain_panel,https://events.bli.gov.tw/report/attachment_file/report/month/09812/a12010.csv,https://events.bli.gov.tw/report/attachment_file/report/month/09812/1181102020.csv,1075,1075,3527,,estimated_from_stock_change_mortality_and_shift,2010-01,https://events.bli.gov.tw/report/attachment_file/report/month/09901/a12010.csv
2010-01,勞工保險基金,普通事故及職業災害保險,293714687760,2937.1469,,-2.39,-25.194806,23124514,12496,108596,3515174,0.0026116469,2010,71067,71067,1744,1744,4197,-2452.130046,,estimated_from_stock_change_mortality_and_shift,6551,1月,https://www.blf.gov.tw/media/todnivxt/d-library-downloads-blf_cht_file_20170316-sitebuilderuploads-1001-14ecca517e609010d8332b71546b39fa.pdf?mediaDL=true,https://www.ris.gov.tw/info-popudata/app/awFastDownload/toMain_panel,https://events.bli.gov.tw/report/attachment_file/report/month/09901/a12010.csv,https://events.bli.gov.tw/report/attachment_file/report/month/09901/1181102020.csv,3154,3154,5606,,estimated_from_stock_change_mortality_and_shift,2010-02,https://events.bli.gov.tw/report/attachment_file/report/month/09902/a12010.csv
2010-02,勞工保險基金,普通事故及職業災害保險,297199851655,2971.9985,,-2.89,-16.134426,23127845,11150,108596,3515174,0.0026116469,2010,75078,75078,510,510,2962,-2452.130046,,estimated_from_stock_change_mortality_and_shift,3538,2月,https://www.blf.gov.tw/media/iynf5uvy/d-library-downloads-blf_cht_file_20170316-sitebuilderuploads-1002-60799e97fa058aec3c36f6bbb07c481d.pdf?mediaDL=true,https://www.ris.gov.tw/info-popudata/app/awFastDownload/toMain_panel,https://events.bli.gov.tw/report/attachment_file/report/month/09902/a12010.csv,https://events.bli.gov.tw/report/attachment_file/report/month/09902/1181102020.csv,1744,1744,4197,,estimated_from_stock_change_mortality_and_shift,2010-03,https://events.bli.gov.tw/report/attachment_file/report/month/09903/a12010.csv
2010-03,勞工保險基金,普通事故及職業災害保險,308274114977,3082.7411,,-1.35,-5.291631,23131093,13943,108596,3515174,0.0026116469,2010,77844,77844,3080,3080,5532,-2452.130046,,estimated_from_stock_change_mortality_and_shift,6119,3月,https://www.blf.gov.tw/media/uu5okmrc/d-library-downloads-blf_cht_file_20170316-sitebuilderuploads-1003-c68a5c3dd8e528734628381dde1712a9.pdf?mediaDL=true,https://www.ris.gov.tw/info-popudata/app/awFastDownload/toMain_panel,https://events.bli.gov.tw/report/attachment_file/report/month/09903/a12010.csv,https://events.bli.gov.tw/report/attachment_file/report/month/09903/1181102020.csv,510,510,2962,,estimated_from_stock_change_mortality_and_shift,2010-04,https://events.bli.gov.tw/report/attachment_file/report/month/09904/a12010.csv
2010-04,勞工保險基金,普通事故及職業災害保險,315752007093,3157.5201,,-0.89,-2.646307,23133074,12125,108596,3515174,0.0026116469,2010,83173,83173,2422,2422,4874,-2452.130046,,estimated_from_stock_change_mortality_and_shift,6259,4月,https://www.blf.gov.tw/media/21vcncjc/d-library-downloads-blf_cht_file_20170316-sitebuilderuploads-1004-2139b1906f9142ec48ce4188637b1e7b.pdf?mediaDL=true,https://www.ris.gov.tw/info-popudata/app/awFastDownload/toMain_panel,https://events.bli.gov.tw/report/attachment_file/report/month/09904/a12010.csv,https://events.bli.gov.tw/report/attachment_file/report/month/09904/1181102020.csv,3080,3080,5532,,estimated_from_stock_change_mortality_and_shift,2010-05,https://events.bli.gov.tw/report/attachment_file/report/month/09905/a12010.csv
2010-05,勞工保險基金,普通事故及職業災害保險,318432626083,3184.3263,,-3.65,-8.537277,23135715,11379,108596,3515174,0.0026116469,2010,87830,87830,1696,1696,4148,-2452.130046,,estimated_from_stock_change_mortality_and_shift,5665,5月,https://www.blf.gov.tw/media/cxefrnew/d-library-downloads-blf_cht_file_20170316-sitebuilderuploads-1005-e0bcd4d83ba57ec3cbc59d833781249b.pdf?mediaDL=true,https://www.ris.gov.tw/info-popudata/app/awFastDownload/toMain_panel,https://events.bli.gov.tw/report/attachment_file/report/month/09905/a12010.csv,https://events.bli.gov.tw/report/attachment_file/report/month/09905/1181102020.csv,2422,2422,4874,,estimated_from_stock_change_mortality_and_shift,2010-06,https://events.bli.gov.tw/report/attachment_file/report/month/09906/a12010.csv
2010-06,勞工保險基金,普通事故及職業災害保險,322811978170,3228.1198,,-3.67,-7.205311,23138381,11714,108596,3515174,0.0026116469,2010,91749,91749,3421,3421,5874,-2452.130046,,estimated_from_stock_change_mortality_and_shift,5660,6月,https://www.blf.gov.tw/media/ag2pdwxk/d-library-downloads-blf_cht_file_20170316-sitebuilderuploads-1006-2fe3800b1515a1a31b0f0bd1f8bccec6.pdf?mediaDL=true,https://www.ris.gov.tw/info-popudata/app/awFastDownload/toMain_panel,https://events.bli.gov.tw/report/attachment_file/report/month/09906/a12010.csv,https://events.bli.gov.tw/report/attachment_file/report/month/09906/1181102020.csv,1696,1696,4148,,estimated_from_stock_change_mortality_and_shift,2010-07,https://events.bli.gov.tw/report/attachment_file/report/month/09907/a12010.csv
2010-07,勞工保險基金,普通事故及職業災害保險,333803046912,3338.0305,,-0.52,-0.889772,23142460,12259,108596,3515174,0.0026116469,2010,97383,97383,2427,2427,4879,-2452.130046,,estimated_from_stock_change_mortality_and_shift,6945,7月,https://www.blf.gov.tw/media/zwtlurvi/d-library-downloads-blf_cht_file_20170316-sitebuilderuploads-1007-87e26366404188f7d502231fe7db370d.pdf?mediaDL=true,https://www.ris.gov.tw/info-popudata/app/awFastDownload/toMain_panel,https://events.bli.gov.tw/report/attachment_file/report/month/09907/a12010.csv,https://events.bli.gov.tw/report/attachment_file/report/month/09907/1181102020.csv,3421,3421,5874,,estimated_from_stock_change_mortality_and_shift,2010-08,https://events.bli.gov.tw/report/attachment_file/report/month/09908/a12010.csv
2010-08,勞工保險基金,普通事故及職業災害保險,339726940182,3397.2694,,-0.68,-1.018264,23145020,12184,108596,3515174,0.0026116469,2010,102008,102008,2014,2014,4466,-2452.130046,,estimated_from_stock_change_mortality_and_shift,5747,8月,https://www.blf.gov.tw/media/rxjdqphd/d-library-downloads-blf_cht_file_20170316-sitebuilderuploads-1008-664a06a4cea37348d1ebc23c33fceef5.pdf?mediaDL=true,https://www.ris.gov.tw/info-popudata/app/awFastDownload/toMain_panel,https://events.bli.gov.tw/report/attachment_file/report/month/09908/a12010.csv,https://events.bli.gov.tw/report/attachment_file/report/month/09908/1181102020.csv,2427,2427,4879,,estimated_from_stock_change_mortality_and_shift,2010-09,https://events.bli.gov.tw/report/attachment_file/report/month/09909/a12010.csv
2010-09,勞工保險基金,普通事故及職業災害保險,354449539387,3544.4954,,1.86,2.487656,23146090,11722,108596,3515174,0.0026116469,2010,106208,106208,2113,2113,4565,-2452.130046,,estimated_from_stock_change_mortality_and_shift,5367,9月,https://www.blf.gov.tw/media/zgwp4y4p/d-library-downloads-blf_cht_file_20170316-sitebuilderuploads-1010-b02291c11dae88f8d5075cb4f4d8ef70.pdf?mediaDL=true,https://www.ris.gov.tw/info-popudata/app/awFastDownload/toMain_panel,https://events.bli.gov.tw/report/attachment_file/report/month/09909/a12010.csv,https://events.bli.gov.tw/report/attachment_file/report/month/09909/1181102020.csv,2014,2014,4466,,estimated_from_stock_change_mortality_and_shift,2010-10,https://events.bli.gov.tw/report/attachment_file/report/month/09910/a12010.csv
2010-10,勞工保險基金,普通事故及職業災害保險,360785548529,3607.8555,,2.28,2.742201,23150923,11469,108596,3515174,0.0026116469,2010,110496,110496,1734,1734,4187,-2452.130046,,estimated_from_stock_change_mortality_and_shift,5676,10月,https://www.blf.gov.tw/media/3afd3dpr/d-library-downloads-blf_cht_file_20170316-sitebuilderuploads-1011-c179ced2b88450af63d35a093343eaae.pdf?mediaDL=true,https://www.ris.gov.tw/info-popudata/app/awFastDownload/toMain_panel,https://events.bli.gov.tw/report/attachment_file/report/month/09910/a12010.csv,https://events.bli.gov.tw/report/attachment_file/report/month/09910/1181102020.csv,2113,2113,4565,,estimated_from_stock_change_mortality_and_shift,2010-11,https://events.bli.gov.tw/report/attachment_file/report/month/09911/a12010.csv
2010-11,勞工保險基金,普通事故及職業災害保險,366092946602,3660.9295,,1.95,2.129147,23157178,12444,108596,3515174,0.0026116469,2010,114394,114394,1955,1955,4407,-2452.130046,,estimated_from_stock_change_mortality_and_shift,5136,11月,https://www.blf.gov.tw/media/zayho0x3/d-library-downloads-blf_cht_file_20170316-sitebuilderuploads-1012-9a6b5ee2897400dfde14e7d4f8437069.pdf?mediaDL=true,https://www.ris.gov.tw/info-popudata/app/awFastDownload/toMain_panel,https://events.bli.gov.tw/report/attachment_file/report/month/09911/a12010.csv,https://events.bli.gov.tw/report/attachment_file/report/month/09911/1181102020.csv,1734,1734,4187,,estimated_from_stock_change_mortality_and_shift,2010-12,https://events.bli.gov.tw/report/attachment_file/report/month/09912/a12010.csv
2010-12,勞工保險基金,普通事故及職業災害保險,376717475852,3767.1748,,3.96,3.96,23162123,12887,108596,3515174,0.0026116469,2010,118502,118502,5288,5288,7740,-2452.130046,,estimated_from_stock_change_mortality_and_shift,5803,12月,https://www.blf.gov.tw/media/x0tamwrc/d-library-downloads-blf_cht_file_20170316-sitebuilderuploads-1013-33a186efc66589d22355a69f411fa7b4.pdf?mediaDL=true,https://www.ris.gov.tw/info-popudata/app/awFastDownload/toMain_panel,https://events.bli.gov.tw/report/attachment_file/report/month/09912/a12010.csv,https://events.bli.gov.tw/report/attachment_file/report/month/09912/1181102020.csv,1955,1955,4407,,estimated_from_stock_change_mortality_and_shift,2011-01,https://events.bli.gov.tw/report/attachment_file/report/month/10001/a12010.csv
2011-01,勞工保險基金,普通事故及職業災害保險,380864430253,3808.6443,,3.88,3.88,23164628,14313,115037,3703570,0.0026260239,2011,125931,125931,2860,2860,5312,-2452.130046,,estimated_from_stock_change_mortality_and_shift,6519,1月,https://www.blf.gov.tw/media/te4onxf1/d-library-downloads-blf_cht_file_20170316-sitebuilderuploads-987-c0f1c42871f15c3e2a322de17d860007.pdf?mediaDL=true,https://www.ris.gov.tw/info-popudata/app/awFastDownload/toMain_panel,https://events.bli.gov.tw/report/attachment_file/report/month/10001/a12010.csv,https://events.bli.gov.tw/report/attachment_file/report/month/10001/1181102020.csv,5288,5288,7740,,estimated_from_stock_change_mortality_and_shift,2011-02,https://events.bli.gov.tw/report/attachment_file/report/month/10002/a12010.csv
2011-02,勞工保險基金,普通事故及職業災害保險,388772685580,3887.7269,,-6.06,-6.06,23164457,12783,115037,3703570,0.0026260239,2011,130912,130912,1647,1647,4099,-2452.130046,,estimated_from_stock_change_mortality_and_shift,3172,2月,https://www.blf.gov.tw/media/l1ahtgda/d-library-downloads-blf_cht_file_20170316-sitebuilderuploads-988-ee206990c8f31cb7415eeb95b26a9436.pdf?mediaDL=true,https://www.ris.gov.tw/info-popudata/app/awFastDownload/toMain_panel,https://events.bli.gov.tw/report/attachment_file/report/month/10002/a12010.csv,https://events.bli.gov.tw/report/attachment_file/report/month/10002/1181102020.csv,2860,2860,5312,,estimated_from_stock_change_mortality_and_shift,2011-03,https://events.bli.gov.tw/report/attachment_file/report/month/10003/a12010.csv
2011-03,勞工保險基金,普通事故及職業災害保險,396820304811,3968.203,,-0.62,-2.457031,23165878,16007,115037,3703570,0.0026260239,2011,134667,134667,4826,4826,7278,-2452.130046,,estimated_from_stock_change_mortality_and_shift,5764,3月,https://www.blf.gov.tw/media/o2pg5kla/d-library-downloads-blf_cht_file_20170316-sitebuilderuploads-989-05dfb103f445a20fba7884fa4eaa9d1a.pdf?mediaDL=true,https://www.ris.gov.tw/info-popudata/app/awFastDownload/toMain_panel,https://events.bli.gov.tw/report/attachment_file/report/month/10003/a12010.csv,https://events.bli.gov.tw/report/attachment_file/report/month/10003/1181102020.csv,1647,1647,4099,,estimated_from_stock_change_mortality_and_shift,2011-04,https://events.bli.gov.tw/report/attachment_file/report/month/10004/a12010.csv
2011-04,勞工保險基金,普通事故及職業災害保險,408425305040,4084.2531,,0.97,2.938318,23170321,13306,115037,3703570,0.0026260239,2011,141591,141591,2920,2920,5372,-2452.130046,,estimated_from_stock_change_mortality_and_shift,5609,4月,https://www.blf.gov.tw/media/it2js0wo/d-library-downloads-blf_cht_file_20170316-sitebuilderuploads-990-47f5b2acb67e5d9e995253e93cd20cb4.pdf?mediaDL=true,https://www.ris.gov.tw/info-popudata/app/awFastDownload/toMain_panel,https://events.bli.gov.tw/report/attachment_file/report/month/10004/a12010.csv,https://events.bli.gov.tw/report/attachment_file/report/month/10004/1181102020.csv,4826,4826,7278,,estimated_from_stock_change_mortality_and_shift,2011-05,https://events.bli.gov.tw/report/attachment_file/report/month/10005/a12010.csv
2011-05,勞工保險基金,普通事故及職業災害保險,418515950853,4185.1595,,1.13,2.733484,23174528,12905,115037,3703570,0.0026260239,2011,146591,146591,3161,3161,5613,-2452.130046,,estimated_from_stock_change_mortality_and_shift,5391,5月,https://www.blf.gov.tw/media/rkqjcicf/d-library-downloads-blf_cht_file_20170316-sitebuilderuploads-991-7d79d0eaf4609927decd5837dbcd1875.pdf?mediaDL=true,https://www.ris.gov.tw/info-popudata/app/awFastDownload/toMain_panel,https://events.bli.gov.tw/report/attachment_file/report/month/10005/a12010.csv,https://events.bli.gov.tw/report/attachment_file/report/month/10005/1181102020.csv,2920,2920,5372,,estimated_from_stock_change_mortality_and_shift,2011-06,https://events.bli.gov.tw/report/attachment_file/report/month/10006/a12010.csv
2011-06,勞工保險基金,普通事故及職業災害保險,425716083395,4257.1608,,0.4,0.8016,23180477,12098,115037,3703570,0.0026260239,2011,151819,151819,5072,5072,7524,-2452.130046,,estimated_from_stock_change_mortality_and_shift,5282,6月,https://www.blf.gov.tw/media/rs0pa0sd/d-library-downloads-blf_cht_file_20170316-sitebuilderuploads-992-f4770a48116e635b72ef62e2174f6a4e.pdf?mediaDL=true,https://www.ris.gov.tw/info-popudata/app/awFastDownload/toMain_panel,https://events.bli.gov.tw/report/attachment_file/report/month/10006/a12010.csv,https://events.bli.gov.tw/report/attachment_file/report/month/10006/1181102020.csv,3161,3161,5613,,estimated_from_stock_change_mortality_and_shift,2011-07,https://events.bli.gov.tw/report/attachment_file/report/month/10007/a12010.csv
2011-07,勞工保險基金,普通事故及職業災害保險,433968825822,4339.6883,,1.61,2.775846,23188078,11141,115037,3703570,0.0026260239,2011,158944,158944,3707,3707,6159,-2452.130046,,estimated_from_stock_change_mortality_and_shift,6364,7月,https://www.blf.gov.tw/media/xz2kuokh/d-library-downloads-blf_cht_file_20170316-sitebuilderuploads-993-d6df7f99afe716f3f22ed286bcbf2e25.pdf?mediaDL=true,https://www.ris.gov.tw/info-popudata/app/awFastDownload/toMain_panel,https://events.bli.gov.tw/report/attachment_file/report/month/10007/a12010.csv,https://events.bli.gov.tw/report/attachment_file/report/month/10007/1181102020.csv,5072,5072,7524,,estimated_from_stock_change_mortality_and_shift,2011-08,https://events.bli.gov.tw/report/attachment_file/report/month/10008/a12010.csv
2011-08,勞工保險基金,普通事故及職業災害保險,429084040646,4290.8404,,-1.45,-2.167096,23193638,12287,115037,3703570,0.0026260239,2011,164686,164686,3841,3841,6293,-2452.130046,,estimated_from_stock_change_mortality_and_shift,5880,8月,https://www.blf.gov.tw/media/00fiqyg1/d-library-downloads-blf_cht_file_20170316-sitebuilderuploads-994-2d534b6ecbe77f12bdf3c98fcdc73eba.pdf?mediaDL=true,https://www.ris.gov.tw/info-popudata/app/awFastDownload/toMain_panel,https://events.bli.gov.tw/report/attachment_file/report/month/10008/a12010.csv,https://events.bli.gov.tw/report/attachment_file/report/month/10008/1181102020.csv,3707,3707,6159,,estimated_from_stock_change_mortality_and_shift,2011-09,https://events.bli.gov.tw/report/attachment_file/report/month/10009/a12010.csv
2011-09,勞工保險基金,普通事故及職業災害保險,429815822633,4298.1582,,-4.45,-5.888884,23197947,11660,115037,3703570,0.0026260239,2011,170547,170547,4751,4751,7203,-2452.130046,,estimated_from_stock_change_mortality_and_shift,5293,9月,https://www.blf.gov.tw/media/k4tje11l/d-library-downloads-blf_cht_file_20170316-sitebuilderuploads-995-521ab46433824b29e149985c838309eb.pdf?mediaDL=true,https://www.ris.gov.tw/info-popudata/app/awFastDownload/toMain_panel,https://events.bli.gov.tw/report/attachment_file/report/month/10009/a12010.csv,https://events.bli.gov.tw/report/attachment_file/report/month/10009/1181102020.csv,3841,3841,6293,,estimated_from_stock_change_mortality_and_shift,2011-10,https://events.bli.gov.tw/report/attachment_file/report/month/10010/a12010.csv
2011-10,勞工保險基金,普通事故及職業災害保險,445253958224,4452.5396,,-1.83,-2.191962,23205605,11581,115037,3703570,0.0026260239,2011,177302,177302,3764,3764,6217,-2452.130046,,estimated_from_stock_change_mortality_and_shift,5658,10月,https://www.blf.gov.tw/media/ynrlmlgc/d-library-downloads-blf_cht_file_20170316-sitebuilderuploads-996-ae35bbc389579bc18d6db2ae133a6071.pdf?mediaDL=true,https://www.ris.gov.tw/info-popudata/app/awFastDownload/toMain_panel,https://events.bli.gov.tw/report/attachment_file/report/month/10010/a12010.csv,https://events.bli.gov.tw/report/attachment_file/report/month/10010/1181102020.csv,4751,4751,7203,,estimated_from_stock_change_mortality_and_shift,2011-11,https://events.bli.gov.tw/report/attachment_file/report/month/10011/a12010.csv
2011-11,勞工保險基金,普通事故及職業災害保險,445274015114,4452.7402,,-3.7,-4.029498,23214620,12109,115037,3703570,0.0026260239,2011,183053,183053,3692,3692,6144,-2452.130046,,estimated_from_stock_change_mortality_and_shift,5465,11月,https://www.blf.gov.tw/media/05zbx2lg/d-library-downloads-blf_cht_file_20170316-sitebuilderuploads-997-392a78a8d214d4e64dd90616e41ae4bb.pdf?mediaDL=true,https://www.ris.gov.tw/info-popudata/app/awFastDownload/toMain_panel,https://events.bli.gov.tw/report/attachment_file/report/month/10011/a12010.csv,https://events.bli.gov.tw/report/attachment_file/report/month/10011/1181102020.csv,3764,3764,6217,,estimated_from_stock_change_mortality_and_shift,2011-12,https://events.bli.gov.tw/report/attachment_file/report/month/10012/a12010.csv
2011-12,勞工保險基金,普通事故及職業災害保險,451985984518,4519.8598,,-2.97,-2.97,23224912,12725,115037,3703570,0.0026260239,2011,188716,188716,7447,7447,9899,-2452.130046,,estimated_from_stock_change_mortality_and_shift,5582,12月,https://www.blf.gov.tw/media/ukbjbgan/d-library-downloads-blf_cht_file_20170316-sitebuilderuploads-998-776d5cbfd453b78fc8a93126382dcb93.pdf?mediaDL=true,https://www.ris.gov.tw/info-popudata/app/awFastDownload/toMain_panel,https://events.bli.gov.tw/report/attachment_file/report/month/10012/a12010.csv,https://events.bli.gov.tw/report/attachment_file/report/month/10012/1181102020.csv,3692,3692,6144,,estimated_from_stock_change_mortality_and_shift,2012-01,https://events.bli.gov.tw/report/attachment_file/report/month/10101/a12010.csv
2012-01,勞工保險基金,普通事故及職業災害保險,472861950826,4728.6195,,2.35,32.146043,23230506,12991,117819,3884472,0.0025633971,2012,198131,198131,4578,4578,7030,-2452.130046,,estimated_from_stock_change_mortality_and_shift,5195,1月,https://www.blf.gov.tw/media/tygfhmet/d-library-downloads-blf_cht_file_20170316-sitebuilderuploads-964-ec8ad30adddec4685a2dc2701f525a0f.pdf?mediaDL=true,https://www.ris.gov.tw/info-popudata/app/awFastDownload/toMain_panel,https://events.bli.gov.tw/report/attachment_file/report/month/10101/a12010.csv,https://events.bli.gov.tw/report/attachment_file/report/month/10101/1181102020.csv,7447,7447,9899,,estimated_from_stock_change_mortality_and_shift,2012-02,https://events.bli.gov.tw/report/attachment_file/report/month/10102/a12010.csv
2012-02,勞工保險基金,普通事故及職業災害保險,489219873378,4892.1987,,4.19,27.925236,23234003,14318,117819,3884472,0.0025633971,2012,204653,204653,5096,5096,7549,-2452.130046,,estimated_from_stock_change_mortality_and_shift,4679,2月,https://www.blf.gov.tw/media/jq0fxnho/d-library-downloads-blf_cht_file_20170316-sitebuilderuploads-969-bc03f9791e87aad21213d9c3f06524ef.pdf?mediaDL=true,https://www.ris.gov.tw/info-popudata/app/awFastDownload/toMain_panel,https://events.bli.gov.tw/report/attachment_file/report/month/10102/a12010.csv,https://events.bli.gov.tw/report/attachment_file/report/month/10102/1181102020.csv,4578,4578,7030,,estimated_from_stock_change_mortality_and_shift,2012-03,https://events.bli.gov.tw/report/attachment_file/report/month/10103/a12010.csv
2012-03,勞工保險基金,普通事故及職業災害保險,497663029835,4976.6303,,3.59,15.151959,23239268,14487,117819,3884472,0.0025633971,2012,211677,211677,7108,7108,9561,-2452.130046,,estimated_from_stock_change_mortality_and_shift,6298,3月,https://www.blf.gov.tw/media/4lzbesbq/d-library-downloads-blf_cht_file_20170316-sitebuilderuploads-968-804b4605d1e52a16fce0d3ac8036095d.pdf?mediaDL=true,https://www.ris.gov.tw/info-popudata/app/awFastDownload/toMain_panel,https://events.bli.gov.tw/report/attachment_file/report/month/10103/a12010.csv,https://events.bli.gov.tw/report/attachment_file/report/month/10103/1181102020.csv,5096,5096,7549,,estimated_from_stock_change_mortality_and_shift,2012-04,https://events.bli.gov.tw/report/attachment_file/report/month/10104/a12010.csv
2012-04,勞工保險基金,普通事故及職業災害保險,501749910368,5017.4991,,2.73,8.415622,23245018,12919,117819,3884472,0.0025633971,2012,220695,220695,5902,5902,8354,-2452.130046,,estimated_from_stock_change_mortality_and_shift,5695,4月,https://www.blf.gov.tw/media/yd2cjer3/d-library-downloads-blf_cht_file_20170316-sitebuilderuploads-967-a8e1f15438637d71554556d898838308.pdf?mediaDL=true,https://www.ris.gov.tw/info-popudata/app/awFastDownload/toMain_panel,https://events.bli.gov.tw/report/attachment_file/report/month/10104/a12010.csv,https://events.bli.gov.tw/report/attachment_file/report/month/10104/1181102020.csv,7108,7108,9561,,estimated_from_stock_change_mortality_and_shift,2012-05,https://events.bli.gov.tw/report/attachment_file/report/month/10105/a12010.csv
2012-05,勞工保險基金,普通事故及職業災害保險,503047578953,5030.4758,,0.95,2.295181,23252392,13120,117819,3884472,0.0025633971,2012,228483,228483,5307,5307,7759,-2452.130046,,estimated_from_stock_change_mortality_and_shift,6220,5月,https://www.blf.gov.tw/media/ozmp4ovv/d-library-downloads-blf_cht_file_20170316-sitebuilderuploads-970-7fafbbd552bbd89a1bbe56860d34b90f.pdf?mediaDL=true,https://www.ris.gov.tw/info-popudata/app/awFastDownload/toMain_panel,https://events.bli.gov.tw/report/attachment_file/report/month/10105/a12010.csv,https://events.bli.gov.tw/report/attachment_file/report/month/10105/1181102020.csv,5902,5902,8354,,estimated_from_stock_change_mortality_and_shift,2012-06,https://events.bli.gov.tw/report/attachment_file/report/month/10106/a12010.csv
2012-06,勞工保險基金,普通事故及職業災害保險,517837730336,5178.3773,,2.19,4.427961,23261747,11719,117819,3884472,0.0025633971,2012,235656,235656,6472,6472,8924,-2452.130046,,estimated_from_stock_change_mortality_and_shift,5551,6月,https://www.blf.gov.tw/media/4yefbki1/d-library-downloads-blf_cht_file_20170316-sitebuilderuploads-971-451cf8bd6b576683f78670c26c4eb3b6.pdf?mediaDL=true,https://www.ris.gov.tw/info-popudata/app/awFastDownload/toMain_panel,https://events.bli.gov.tw/report/attachment_file/report/month/10106/a12010.csv,https://events.bli.gov.tw/report/attachment_file/report/month/10106/1181102020.csv,5307,5307,7759,,estimated_from_stock_change_mortality_and_shift,2012-07,https://events.bli.gov.tw/report/attachment_file/report/month/10107/a12010.csv
2012-07,勞工保險基金,普通事故及職業災害保險,523886193674,5238.8619,,3.51,6.092323,23268372,13576,117819,3884472,0.0025633971,2012,243976,243976,7101,7101,9553,-2452.130046,,estimated_from_stock_change_mortality_and_shift,7669,7月,https://www.blf.gov.tw/media/fo5fxmk1/d-library-downloads-blf_cht_file_20170316-sitebuilderuploads-972-3e9a01e10876d706764779228980f99c.pdf?mediaDL=true,https://www.ris.gov.tw/info-popudata/app/awFastDownload/toMain_panel,https://events.bli.gov.tw/report/attachment_file/report/month/10107/a12010.csv,https://events.bli.gov.tw/report/attachment_file/report/month/10107/1181102020.csv,6472,6472,8924,,estimated_from_stock_change_mortality_and_shift,2012-08,https://events.bli.gov.tw/report/attachment_file/report/month/10108/a12010.csv
2012-08,勞工保險基金,普通事故及職業災害保險,536240485299,5362.4049,,4.6,6.978752,23276441,12726,117819,3884472,0.0025633971,2012,252904,252904,5858,5858,8310,-2452.130046,,estimated_from_stock_change_mortality_and_shift,6903,8月,https://www.blf.gov.tw/media/0djkjyyz/d-library-downloads-blf_cht_file_20170316-sitebuilderuploads-973-6407e1c531b6c1f5e9f548c0dc473f88.pdf?mediaDL=true,https://www.ris.gov.tw/info-popudata/app/awFastDownload/toMain_panel,https://events.bli.gov.tw/report/attachment_file/report/month/10108/a12010.csv,https://events.bli.gov.tw/report/attachment_file/report/month/10108/1181102020.csv,7101,7101,9553,,estimated_from_stock_change_mortality_and_shift,2012-09,https://events.bli.gov.tw/report/attachment_file/report/month/10109/a12010.csv
2012-09,勞工保險基金,普通事故及職業災害保險,546865436842,5468.6544,,5.89,7.929442,23282670,11359,117819,3884472,0.0025633971,2012,260566,260566,7515,7515,9967,-2452.130046,,estimated_from_stock_change_mortality_and_shift,7106,9月,https://www.blf.gov.tw/media/klsdkkr3/d-library-downloads-blf_cht_file_20170316-sitebuilderuploads-974-04bbc1fc1efd8259a2b19e30a6992c04.pdf?mediaDL=true,https://www.ris.gov.tw/info-popudata/app/awFastDownload/toMain_panel,https://events.bli.gov.tw/report/attachment_file/report/month/10109/a12010.csv,https://events.bli.gov.tw/report/attachment_file/report/month/10109/1181102020.csv,5858,5858,8310,,estimated_from_stock_change_mortality_and_shift,2012-10,https://events.bli.gov.tw/report/attachment_file/report/month/10110/a12010.csv
2012-10,勞工保險基金,普通事故及職業災害保險,534692653749,5346.9265,,4.35,5.242449,23293593,13107,117819,3884472,0.0025633971,2012,269865,269865,21697,21697,24149,-2452.130046,,estimated_from_stock_change_mortality_and_shift,15571,10月,https://www.blf.gov.tw/media/sdeemi4h/d-library-downloads-blf_cht_file_20170316-sitebuilderuploads-975-fb5c8ee2b37ec6c6e55a1d7dde90826a.pdf?mediaDL=true,https://www.ris.gov.tw/info-popudata/app/awFastDownload/toMain_panel,https://events.bli.gov.tw/report/attachment_file/report/month/10110/a12010.csv,https://events.bli.gov.tw/report/attachment_file/report/month/10110/1181102020.csv,7515,7515,9967,,estimated_from_stock_change_mortality_and_shift,2012-11,https://events.bli.gov.tw/report/attachment_file/report/month/10111/a12010.csv
2012-11,勞工保險基金,普通事故及職業災害保險,507799643822,5077.9964,,5.84,6.38753,23305021,12086,117819,3884472,0.0025633971,2012,293322,293322,23951,23951,26403,-2452.130046,,estimated_from_stock_change_mortality_and_shift,35208,11月,https://www.blf.gov.tw/media/ljco3zu1/1勞保基金規模-投資績效及資產配置.pdf?mediaDL=true,https://www.ris.gov.tw/info-popudata/app/awFastDownload/toMain_panel,https://events.bli.gov.tw/report/attachment_file/report/month/10111/a12010.csv,https://events.bli.gov.tw/report/attachment_file/report/month/10111/1181102020.csv,21697,21697,24149,,estimated_from_stock_change_mortality_and_shift,2012-12,https://events.bli.gov.tw/report/attachment_file/report/month/10112/a12010.csv
2012-12,勞工保險基金,普通事故及職業災害保險,484531774943,4845.3177,,6.25,6.25,23315822,11843,117819,3884472,0.0025633971,2012,318973,318973,37476,37476,39928,-2452.130046,,estimated_from_stock_change_mortality_and_shift,30132,12月,https://www.blf.gov.tw/media/f1af1lfw/d-library-downloads-blf_cht_file_20170316-sitebuilderuploads-977-7839258b34dc4c30f08759e65f7a107f.pdf?mediaDL=true,https://www.ris.gov.tw/info-popudata/app/awFastDownload/toMain_panel,https://events.bli.gov.tw/report/attachment_file/report/month/10112/a12010.csv,https://events.bli.gov.tw/report/attachment_file/report/month/10112/1181102020.csv,23951,23951,26403,,estimated_from_stock_change_mortality_and_shift,2013-01,https://events.bli.gov.tw/report/attachment_file/report/month/10201/a12010.csv
2013-01,勞工保險基金,普通事故及職業災害保險,475278352240,4752.7835,,1.54,20.12846,23324092,15352,119298,4068353,0.0024770886,2013,358111,358111,19386,19386,21838,-2452.130046,,estimated_from_stock_change_mortality_and_shift,29430,1月,https://www.blf.gov.tw/media/ud0lczgo/d-library-downloads-blf_cht_file_20170316-sitebuilderuploads-859-447e75d307a76178c9bed8e903c06ece.pdf?mediaDL=true,https://www.ris.gov.tw/info-popudata/app/awFastDownload/toMain_panel,https://events.bli.gov.tw/report/attachment_file/report/month/10201/a12010.csv,https://events.bli.gov.tw/report/attachment_file/report/month/10201/1181102020.csv,37476,37476,39928,,estimated_from_stock_change_mortality_and_shift,2013-02,https://events.bli.gov.tw/report/attachment_file/report/month/10202/a12010.csv
2013-02,勞工保險基金,普通事故及職業災害保險,477870530705,4778.7053,,1.78,11.166691,23328602,11838,119298,4068353,0.0024770886,2013,379062,379062,13029,13029,15481,-2452.130046,,estimated_from_stock_change_mortality_and_shift,8744,2月,https://www.blf.gov.tw/media/seel41ed/d-library-downloads-blf_cht_file_20170316-sitebuilderuploads-860-96b5de8b4f6d998fc2a33051c9b26f44.pdf?mediaDL=true,https://www.ris.gov.tw/info-popudata/app/awFastDownload/toMain_panel,https://events.bli.gov.tw/report/attachment_file/report/month/10202/a12010.csv,https://events.bli.gov.tw/report/attachment_file/report/month/10202/1181102020.csv,19386,19386,21838,,estimated_from_stock_change_mortality_and_shift,2013-03,https://events.bli.gov.tw/report/attachment_file/report/month/10203/a12010.csv
2013-03,勞工保險基金,普通事故及職業災害保險,481834963513,4818.3496,,2.68,11.158695,23332705,13708,119298,4068353,0.0024770886,2013,393604,393604,18761,18761,21213,-2452.130046,,estimated_from_stock_change_mortality_and_shift,11142,3月,https://www.blf.gov.tw/media/44eny52i/d-library-downloads-blf_cht_file_20170316-sitebuilderuploads-861-11ed183ca877e5c967b991e3c3e4d3cb.pdf?mediaDL=true,https://www.ris.gov.tw/info-popudata/app/awFastDownload/toMain_panel,https://events.bli.gov.tw/report/attachment_file/report/month/10203/a12010.csv,https://events.bli.gov.tw/report/attachment_file/report/month/10203/1181102020.csv,13029,13029,15481,,estimated_from_stock_change_mortality_and_shift,2013-04,https://events.bli.gov.tw/report/attachment_file/report/month/10204/a12010.csv
2013-04,勞工保險基金,普通事故及職業災害保險,484203055200,4842.0306,,3.63,11.29009,23335580,13176,119298,4068353,0.0024770886,2013,413842,413842,13024,13024,15476,-2452.130046,,estimated_from_stock_change_mortality_and_shift,10838,4月,https://www.blf.gov.tw/media/eorkg4sb/d-library-downloads-blf_cht_file_20170316-sitebuilderuploads-862-879b468fc110d7db4d8f80a10b28d767.pdf?mediaDL=true,https://www.ris.gov.tw/info-popudata/app/awFastDownload/toMain_panel,https://events.bli.gov.tw/report/attachment_file/report/month/10204/a12010.csv,https://events.bli.gov.tw/report/attachment_file/report/month/10204/1181102020.csv,18761,18761,21213,,estimated_from_stock_change_mortality_and_shift,2013-05,https://events.bli.gov.tw/report/attachment_file/report/month/10205/a12010.csv
2013-05,勞工保險基金,普通事故及職業災害保險,485691195960,4856.912,,3.14,7.702332,23340136,12973,119298,4068353,0.0024770886,2013,428293,428293,10964,10964,13416,-2452.130046,,estimated_from_stock_change_mortality_and_shift,10906,5月,https://www.blf.gov.tw/media/p1hn0kkl/d-library-downloads-blf_cht_file_20170316-sitebuilderuploads-863-3f46d4c9497115a78d6fcc0e14519a5d.pdf?mediaDL=true,https://www.ris.gov.tw/info-popudata/app/awFastDownload/toMain_panel,https://events.bli.gov.tw/report/attachment_file/report/month/10205/a12010.csv,https://events.bli.gov.tw/report/attachment_file/report/month/10205/1181102020.csv,13024,13024,15476,,estimated_from_stock_change_mortality_and_shift,2013-06,https://events.bli.gov.tw/report/attachment_file/report/month/10206/a12010.csv
2013-06,勞工保險基金,普通事故及職業災害保險,482606546198,4826.0655,,1.79,3.612041,23344213,11499,119298,4068353,0.0024770886,2013,440648,440648,11942,11942,14395,-2452.130046,,estimated_from_stock_change_mortality_and_shift,7434,6月,https://www.blf.gov.tw/media/klwcwhc5/d-library-downloads-blf_cht_file_20170316-sitebuilderuploads-864-5adea55036662eb76ba106849388a0f6.pdf?mediaDL=true,https://www.ris.gov.tw/info-popudata/app/awFastDownload/toMain_panel,https://events.bli.gov.tw/report/attachment_file/report/month/10206/a12010.csv,https://events.bli.gov.tw/report/attachment_file/report/month/10206/1181102020.csv,10964,10964,13416,,estimated_from_stock_change_mortality_and_shift,2013-07,https://events.bli.gov.tw/report/attachment_file/report/month/10207/a12010.csv
2013-07,勞工保險基金,普通事故及職業災害保險,491609631058,4916.0963,,3.34,5.793799,23349724,13618,119298,4068353,0.0024770886,2013,453951,453951,9503,9503,11955,-2452.130046,,estimated_from_stock_change_mortality_and_shift,10153,7月,https://www.blf.gov.tw/media/k4bpej0v/d-library-downloads-blf_cht_file_20170316-sitebuilderuploads-865-f0130da0bfc4349e90051e93931ab12d.pdf?mediaDL=true,https://www.ris.gov.tw/info-popudata/app/awFastDownload/toMain_panel,https://events.bli.gov.tw/report/attachment_file/report/month/10207/a12010.csv,https://events.bli.gov.tw/report/attachment_file/report/month/10207/1181102020.csv,11942,11942,14395,,estimated_from_stock_change_mortality_and_shift,2013-08,https://events.bli.gov.tw/report/attachment_file/report/month/10208/a12010.csv
2013-08,勞工保險基金,普通事故及職業災害保險,489028350563,4890.2835,,2.34,3.530454,23354061,12063,119298,4068353,0.0024770886,2013,464782,464782,7017,7017,9469,-2452.130046,,estimated_from_stock_change_mortality_and_shift,7191,8月,https://www.blf.gov.tw/media/fqcprwfc/d-library-downloads-blf_cht_file_20170316-sitebuilderuploads-866-df7f9ae4e4c2c411f573a4be617d1665.pdf?mediaDL=true,https://www.ris.gov.tw/info-popudata/app/awFastDownload/toMain_panel,https://events.bli.gov.tw/report/attachment_file/report/month/10208/a12010.csv,https://events.bli.gov.tw/report/attachment_file/report/month/10208/1181102020.csv,9503,9503,11955,,estimated_from_stock_change_mortality_and_shift,2013-09,https://events.bli.gov.tw/report/attachment_file/report/month/10209/a12010.csv
2013-09,勞工保險基金,普通事故及職業災害保險,500418030013,5004.1803,,3.86,5.179497,23356588,12365,119298,4068353,0.0024770886,2013,473100,473100,6794,6794,9246,-2452.130046,,estimated_from_stock_change_mortality_and_shift,6825,9月,https://www.blf.gov.tw/media/wljbdfrq/d-library-downloads-blf_cht_file_20170316-sitebuilderuploads-867-f854ec4c280b9634183c9d5c30e4ffc8.pdf?mediaDL=true,https://www.ris.gov.tw/info-popudata/app/awFastDownload/toMain_panel,https://events.bli.gov.tw/report/attachment_file/report/month/10209/a12010.csv,https://events.bli.gov.tw/report/attachment_file/report/month/10209/1181102020.csv,7017,7017,9469,,estimated_from_stock_change_mortality_and_shift,2013-10,https://events.bli.gov.tw/report/attachment_file/report/month/10210/a12010.csv
2013-10,勞工保險基金,普通事故及職業災害保險,511690853472,5116.9085,,5.37,6.47812,23361147,13253,119298,4068353,0.0024770886,2013,481174,481174,7601,7601,10053,-2452.130046,,estimated_from_stock_change_mortality_and_shift,8092,10月,https://www.blf.gov.tw/media/wbifuexc/d-library-downloads-blf_cht_file_20170316-sitebuilderuploads-868-b0dcb1b6597e3b24def91e0695279c55.pdf?mediaDL=true,https://www.ris.gov.tw/info-popudata/app/awFastDownload/toMain_panel,https://events.bli.gov.tw/report/attachment_file/report/month/10210/a12010.csv,https://events.bli.gov.tw/report/attachment_file/report/month/10210/1181102020.csv,6794,6794,9246,,estimated_from_stock_change_mortality_and_shift,2013-11,https://events.bli.gov.tw/report/attachment_file/report/month/10211/a12010.csv
2013-11,勞工保險基金,普通事故及職業災害保險,516072941175,5160.7294,,5.32,5.81745,23367320,12218,119298,4068353,0.0024770886,2013,490035,490035,6100,6100,8552,-2452.130046,,estimated_from_stock_change_mortality_and_shift,6445,11月,https://www.blf.gov.tw/media/slepgeau/d-library-downloads-blf_cht_file_20170316-sitebuilderuploads-869-e8a8857172854bb8d5420a06c0d3589a.pdf?mediaDL=true,https://www.ris.gov.tw/info-popudata/app/awFastDownload/toMain_panel,https://events.bli.gov.tw/report/attachment_file/report/month/10211/a12010.csv,https://events.bli.gov.tw/report/attachment_file/report/month/10211/1181102020.csv,7601,7601,10053,,estimated_from_stock_change_mortality_and_shift,2013-12,https://events.bli.gov.tw/report/attachment_file/report/month/10212/a12010.csv
2013-12,勞工保險基金,普通事故及職業災害保險,527988810549,5279.8881,,6.35,6.35,23373517,13845,119298,4068353,0.0024770886,2013,497373,497373,11143,11143,13595,-2452.130046,,estimated_from_stock_change_mortality_and_shift,6646,12月,https://www.blf.gov.tw/media/20od5hde/d-library-downloads-blf_cht_file_20170316-sitebuilderuploads-870-549dfbe59d1ed946b5de172d43826025.pdf?mediaDL=true,https://www.ris.gov.tw/info-popudata/app/awFastDownload/toMain_panel,https://events.bli.gov.tw/report/attachment_file/report/month/10212/a12010.csv,https://events.bli.gov.tw/report/attachment_file/report/month/10212/1181102020.csv,6100,6100,8552,,estimated_from_stock_change_mortality_and_shift,2014-01,https://events.bli.gov.tw/report/attachment_file/report/month/10301/a12010.csv
2014-01,勞工保險基金,普通事故及職業災害保險,534017158951,5340.1716,,-0.7,-8.084028,23377515,13935,126385,4256064,0.0025089398,2014,509720,509720,8613,8613,11065,-2452.130046,,estimated_from_stock_change_mortality_and_shift,7783,1月.pdf,https://www.blf.gov.tw/media/3jlglifm/1月.pdf?mediaDL=true,https://www.ris.gov.tw/info-popudata/app/awFastDownload/toMain_panel,https://events.bli.gov.tw/report/attachment_file/report/month/10301/a12010.csv,https://events.bli.gov.tw/report/attachment_file/report/month/10301/1181102020.csv,11143,11143,13595,,estimated_from_stock_change_mortality_and_shift,2014-02,https://events.bli.gov.tw/report/attachment_file/report/month/10302/a12010.csv
2014-02,勞工保險基金,普通事故及職業災害保險,544781079465,5447.8108,544781080000,0.66,4.025918,23379129,15349,126385,4256064,0.0025089398,2014,519506,519506,6570,6570,9022,-2452.130046,,estimated_from_stock_change_mortality_and_shift,3975,2月.pdf,https://www.blf.gov.tw/media/wkkp0l2s/2月.pdf?mediaDL=true,https://www.ris.gov.tw/info-popudata/app/awFastDownload/toMain_panel,https://events.bli.gov.tw/report/attachment_file/report/month/10302/a12010.csv,https://events.bli.gov.tw/report/attachment_file/report/month/10302/1181102020.csv,8613,8613,11065,,estimated_from_stock_change_mortality_and_shift,2014-03,https://events.bli.gov.tw/report/attachment_file/report/month/10303/a12010.csv
2014-03,勞工保險基金,普通事故及職業災害保險,555829779387,5558.2978,555829780000,1.83,7.523397,23379594,15465,126385,4256064,0.0025089398,2014,527225,527225,9569,9569,12021,-2452.130046,,estimated_from_stock_change_mortality_and_shift,6643,3月.pdf,https://www.blf.gov.tw/media/4g0do3nl/3月.pdf?mediaDL=true,https://www.ris.gov.tw/info-popudata/app/awFastDownload/toMain_panel,https://events.bli.gov.tw/report/attachment_file/report/month/10303/a12010.csv,https://events.bli.gov.tw/report/attachment_file/report/month/10303/1181102020.csv,6570,6570,9022,,estimated_from_stock_change_mortality_and_shift,2014-04,https://events.bli.gov.tw/report/attachment_file/report/month/10304/a12010.csv
2014-04,勞工保險基金,普通事故及職業災害保險,556905208431,5569.0521,556905210000,1.93,5.902466,23382948,14114,126385,4256064,0.0025089398,2014,537923,537923,9079,9079,11532,-2452.130046,,estimated_from_stock_change_mortality_and_shift,7123,4月.pdf,https://www.blf.gov.tw/media/dngnlieo/4月.pdf?mediaDL=true,https://www.ris.gov.tw/info-popudata/app/awFastDownload/toMain_panel,https://events.bli.gov.tw/report/attachment_file/report/month/10304/a12010.csv,https://events.bli.gov.tw/report/attachment_file/report/month/10304/1181102020.csv,9569,9569,12021,,estimated_from_stock_change_mortality_and_shift,2014-05,https://events.bli.gov.tw/report/attachment_file/report/month/10305/a12010.csv
2014-05,勞工保險基金,普通事故及職業災害保險,571692193375,5716.9219,571692190000,3.17,7.777532,23386883,13187,126385,4256064,0.0025089398,2014,548105,548105,7316,7316,9768,-2452.130046,,estimated_from_stock_change_mortality_and_shift,6391,5月.pdf,https://www.blf.gov.tw/media/b2miyexk/5月.pdf?mediaDL=true,https://www.ris.gov.tw/info-popudata/app/awFastDownload/toMain_panel,https://events.bli.gov.tw/report/attachment_file/report/month/10305/a12010.csv,https://events.bli.gov.tw/report/attachment_file/report/month/10305/1181102020.csv,9079,9079,11532,,estimated_from_stock_change_mortality_and_shift,2014-06,https://events.bli.gov.tw/report/attachment_file/report/month/10306/a12010.csv
2014-06,勞工保險基金,普通事故及職業災害保險,583124741570,5831.2474,583124740000,4.38,8.951844,23392036,12664,126385,4256064,0.0025089398,2014,556498,556498,9206,9206,11658,-2452.130046,,estimated_from_stock_change_mortality_and_shift,5909,6月.pdf,https://www.blf.gov.tw/media/lvhfky2p/6月.pdf?mediaDL=true,https://www.ris.gov.tw/info-popudata/app/awFastDownload/toMain_panel,https://events.bli.gov.tw/report/attachment_file/report/month/10306/a12010.csv,https://events.bli.gov.tw/report/attachment_file/report/month/10306/1181102020.csv,7316,7316,9768,,estimated_from_stock_change_mortality_and_shift,2014-07,https://events.bli.gov.tw/report/attachment_file/report/month/10307/a12010.csv
2014-07,勞工保險基金,普通事故及職業災害保險,586580887083,5865.8089,586580890000,4.6,8.014706,23398263,14090,126385,4256064,0.0025089398,2014,566760,566760,10142,10142,12594,-2452.130046,,estimated_from_stock_change_mortality_and_shift,7519,7月.pdf,https://www.blf.gov.tw/media/b4eaomii/7月.pdf?mediaDL=true,https://www.ris.gov.tw/info-popudata/app/awFastDownload/toMain_panel,https://events.bli.gov.tw/report/attachment_file/report/month/10307/a12010.csv,https://events.bli.gov.tw/report/attachment_file/report/month/10307/1181102020.csv,9206,9206,11658,,estimated_from_stock_change_mortality_and_shift,2014-08,https://events.bli.gov.tw/report/attachment_file/report/month/10308/a12010.csv
2014-08,勞工保險基金,普通事故及職業災害保險,597240883636,5972.4088,597240880000,5.81,8.840386,23404243,12397,126385,4256064,0.0025089398,2014,577932,577932,8098,8098,10550,-2452.130046,,estimated_from_stock_change_mortality_and_shift,6533,8月.pdf,https://www.blf.gov.tw/media/lkkl2ylj/8月.pdf?mediaDL=true,https://www.ris.gov.tw/info-popudata/app/awFastDownload/toMain_panel,https://events.bli.gov.tw/report/attachment_file/report/month/10308/a12010.csv,https://events.bli.gov.tw/report/attachment_file/report/month/10308/1181102020.csv,10142,10142,12594,,estimated_from_stock_change_mortality_and_shift,2014-09,https://events.bli.gov.tw/report/attachment_file/report/month/10309/a12010.csv
2014-09,勞工保險基金,普通事故及職業災害保險,596371088990,5963.7109,596371090000,3.78,5.071489,23410280,13421,126385,4256064,0.0025089398,2014,587032,587032,8979,8979,11431,-2452.130046,,estimated_from_stock_change_mortality_and_shift,6412,9月.pdf,https://www.blf.gov.tw/media/znsazudv/9月.pdf?mediaDL=true,https://www.ris.gov.tw/info-popudata/app/awFastDownload/toMain_panel,https://events.bli.gov.tw/report/attachment_file/report/month/10309/a12010.csv,https://events.bli.gov.tw/report/attachment_file/report/month/10309/1181102020.csv,8098,8098,10550,,estimated_from_stock_change_mortality_and_shift,2014-10,https://events.bli.gov.tw/report/attachment_file/report/month/10310/a12010.csv
2014-10,勞工保險基金,普通事故及職業災害保險,603730638276,6037.3064,603730640000,4.6,5.545087,23417116,13236,126385,4256064,0.0025089398,2014,596990,596990,8876,8876,11328,-2452.130046,,estimated_from_stock_change_mortality_and_shift,6813,10月.pdf,https://www.blf.gov.tw/media/x0rpg5pn/10月.pdf?mediaDL=true,https://www.ris.gov.tw/info-popudata/app/awFastDownload/toMain_panel,https://events.bli.gov.tw/report/attachment_file/report/month/10310/a12010.csv,https://events.bli.gov.tw/report/attachment_file/report/month/10310/1181102020.csv,8979,8979,11431,,estimated_from_stock_change_mortality_and_shift,2014-11,https://events.bli.gov.tw/report/attachment_file/report/month/10311/a12010.csv
2014-11,勞工保險基金,普通事故及職業災害保險,616335105893,6163.3511,616335110000,5.81,6.354634,23424615,11462,126385,4256064,0.0025089398,2014,606820,606820,7210,7210,9662,-2452.130046,,estimated_from_stock_change_mortality_and_shift,5384,11月.pdf,https://www.blf.gov.tw/media/n0vg1rzk/11月.pdf?mediaDL=true,https://www.ris.gov.tw/info-popudata/app/awFastDownload/toMain_panel,https://events.bli.gov.tw/report/attachment_file/report/month/10311/a12010.csv,https://events.bli.gov.tw/report/attachment_file/report/month/10311/1181102020.csv,8876,8876,11328,,estimated_from_stock_change_mortality_and_shift,2014-12,https://events.bli.gov.tw/report/attachment_file/report/month/10312/a12010.csv
2014-12,勞工保險基金,普通事故及職業災害保險,622459080279,6224.5908,622459080000,5.61,5.61,23433753,14609,126385,4256064,0.0025089398,2014,614960,614960,13514,13514,15966,-2452.130046,,estimated_from_stock_change_mortality_and_shift,6230,12月.pdf,https://www.blf.gov.tw/media/fzzhhxdf/12月.pdf?mediaDL=true,https://www.ris.gov.tw/info-popudata/app/awFastDownload/toMain_panel,https://events.bli.gov.tw/report/attachment_file/report/month/10312/a12010.csv,https://events.bli.gov.tw/report/attachment_file/report/month/10312/1181102020.csv,7210,7210,9662,,estimated_from_stock_change_mortality_and_shift,2015-01,https://events.bli.gov.tw/report/attachment_file/report/month/10401/a12010.csv
2015-01,勞工保險基金,普通事故及職業災害保險,627086988603,6270.8699,627086990000,-0.03,-0.359407,23440278,14310,127714,4458252,0.0024191506,2015,629438,629438,9777,9777,12229,-2452.130046,,estimated_from_stock_change_mortality_and_shift,7354,1月.pdf,https://www.blf.gov.tw/media/vtuf2uy5/1月.pdf?mediaDL=true,https://www.ris.gov.tw/info-popudata/app/awFastDownload/toMain_panel,https://events.bli.gov.tw/report/attachment_file/report/month/10401/a12010.csv,https://events.bli.gov.tw/report/attachment_file/report/month/10401/1181102020.csv,13514,13514,15966,,estimated_from_stock_change_mortality_and_shift,2015-02,https://events.bli.gov.tw/report/attachment_file/report/month/10402/a12010.csv
2015-02,勞工保險基金,普通事故及職業災害保險,635671028021,6356.7103,635671030000,1.48,9.215116,23445534,12122,127714,4458252,0.0024191506,2015,640144,640144,4611,4611,7064,-2452.130046,,estimated_from_stock_change_mortality_and_shift,3751,2月.pdf,https://www.blf.gov.tw/media/uncnsv4e/2月.pdf?mediaDL=true,https://www.ris.gov.tw/info-popudata/app/awFastDownload/toMain_panel,https://events.bli.gov.tw/report/attachment_file/report/month/10402/a12010.csv,https://events.bli.gov.tw/report/attachment_file/report/month/10402/1181102020.csv,9777,9777,12229,,estimated_from_stock_change_mortality_and_shift,2015-03,https://events.bli.gov.tw/report/attachment_file/report/month/10403/a12010.csv
2015-03,勞工保險基金,普通事故及職業災害保險,638526845344,6385.2685,638526850000,0.87,3.525678,23449287,16092,127714,4458252,0.0024191506,2015,645659,645659,10481,10481,12933,-2452.130046,,estimated_from_stock_change_mortality_and_shift,6281,3月.pdf,https://www.blf.gov.tw/media/at2bmhyo/3月.pdf?mediaDL=true,https://www.ris.gov.tw/info-popudata/app/awFastDownload/toMain_panel,https://events.bli.gov.tw/report/attachment_file/report/month/10403/a12010.csv,https://events.bli.gov.tw/report/attachment_file/report/month/10403/1181102020.csv,4611,4611,7064,,estimated_from_stock_change_mortality_and_shift,2015-04,https://events.bli.gov.tw/report/attachment_file/report/month/10404/a12010.csv
2015-04,勞工保險基金,普通事故及職業災害保險,640473081880,6404.7308,640473080000,1.56,4.753388,23452387,14002,127714,4458252,0.0024191506,2015,657030,657030,8822,8822,11274,-2452.130046,,estimated_from_stock_change_mortality_and_shift,6971,4月.pdf,https://www.blf.gov.tw/media/3rkfsnzj/4月.pdf?mediaDL=true,https://www.ris.gov.tw/info-popudata/app/awFastDownload/toMain_panel,https://events.bli.gov.tw/report/attachment_file/report/month/10404/a12010.csv,https://events.bli.gov.tw/report/attachment_file/report/month/10404/1181102020.csv,10481,10481,12933,,estimated_from_stock_change_mortality_and_shift,2015-05,https://events.bli.gov.tw/report/attachment_file/report/month/10405/a12010.csv
2015-05,勞工保險基金,普通事故及職業災害保險,646500427494,6465.0043,646500430000,1.37,3.319589,23456545,12802,127714,4458252,0.0024191506,2015,666715,666715,7004,7004,9456,-2452.130046,,estimated_from_stock_change_mortality_and_shift,6045,5月.pdf,https://www.blf.gov.tw/media/zbwd3qoc/5月.pdf?mediaDL=true,https://www.ris.gov.tw/info-popudata/app/awFastDownload/toMain_panel,https://events.bli.gov.tw/report/attachment_file/report/month/10405/a12010.csv,https://events.bli.gov.tw/report/attachment_file/report/month/10405/1181102020.csv,8822,8822,11274,,estimated_from_stock_change_mortality_and_shift,2015-06,https://events.bli.gov.tw/report/attachment_file/report/month/10406/a12010.csv
2015-06,勞工保險基金,普通事故及職業災害保險,648989077108,6489.8908,648989080000,0.81,1.626561,23461562,13712,127714,4458252,0.0024191506,2015,674558,674558,9992,9992,12444,-2452.130046,,estimated_from_stock_change_mortality_and_shift,6040,6月.pdf,https://www.blf.gov.tw/media/gatevrd5/6月.pdf?mediaDL=true,https://www.ris.gov.tw/info-popudata/app/awFastDownload/toMain_panel,https://events.bli.gov.tw/report/attachment_file/report/month/10406/a12010.csv,https://events.bli.gov.tw/report/attachment_file/report/month/10406/1181102020.csv,7004,7004,9456,,estimated_from_stock_change_mortality_and_shift,2015-07,https://events.bli.gov.tw/report/attachment_file/report/month/10407/11071102040.csv
2015-07,勞工保險基金,普通事故及職業災害保險,648557887557,6485.5789,648557890000,0.48,0.824267,23461708,14475,127714,4458252,0.0024191506,2015,685370,685370,9896,9896,12348,-2452.130046,,estimated_from_stock_change_mortality_and_shift,8341,7月.pdf,https://www.blf.gov.tw/media/0xmfa1jw/7月.pdf?mediaDL=true,https://www.ris.gov.tw/info-popudata/app/awFastDownload/toMain_panel,https://events.bli.gov.tw/report/attachment_file/report/month/10407/11071102040.csv,https://events.bli.gov.tw/report/attachment_file/report/month/10407/11071102030.csv,9992,9992,12444,,estimated_from_stock_change_mortality_and_shift,2015-08,https://events.bli.gov.tw/report/attachment_file/report/month/10408/11071102040.csv
2015-08,勞工保險基金,普通事故及職業災害保險,647093487849,6470.9349,647093490000,-0.86,-1.287223,23465003,12586,127714,4458252,0.0024191506,2015,696060,696060,7453,7453,9905,-2452.130046,,estimated_from_stock_change_mortality_and_shift,6774,8月.pdf,https://www.blf.gov.tw/media/eg4pkbns/8月.pdf?mediaDL=true,https://www.ris.gov.tw/info-popudata/app/awFastDownload/toMain_panel,https://events.bli.gov.tw/report/attachment_file/report/month/10408/11071102040.csv,https://events.bli.gov.tw/report/attachment_file/report/month/10408/11071102030.csv,9896,9896,12348,,estimated_from_stock_change_mortality_and_shift,2015-09,https://events.bli.gov.tw/report/attachment_file/report/month/10409/11071102040.csv
2015-09,勞工保險基金,普通事故及職業災害保險,644692840720,6446.9284,644692840000,-1.53,-2.03478,23468748,12527,127714,4458252,0.0024191506,2015,704281,704281,8671,8671,11123,-2452.130046,,estimated_from_stock_change_mortality_and_shift,6432,9月.pdf,https://www.blf.gov.tw/media/dn3bpqpe/9月.pdf?mediaDL=true,https://www.ris.gov.tw/info-popudata/app/awFastDownload/toMain_panel,https://events.bli.gov.tw/report/attachment_file/report/month/10409/11071102040.csv,https://events.bli.gov.tw/report/attachment_file/report/month/10409/11071102030.csv,7453,7453,9905,,estimated_from_stock_change_mortality_and_shift,2015-10,https://events.bli.gov.tw/report/attachment_file/report/month/10410/11071102040.csv
2015-10,勞工保險基金,普通事故及職業災害保險,659467784119,6594.6778,659467780000,0.62,0.744461,23476640,13794,127714,4458252,0.0024191506,2015,713700,713700,9277,9277,11730,-2452.130046,,estimated_from_stock_change_mortality_and_shift,7698,10月.pdf,https://www.blf.gov.tw/media/0e3l0n2v/10月.pdf?mediaDL=true,https://www.ris.gov.tw/info-popudata/app/awFastDownload/toMain_panel,https://events.bli.gov.tw/report/attachment_file/report/month/10410/11071102040.csv,https://events.bli.gov.tw/report/attachment_file/report/month/10410/11071102030.csv,8671,8671,11123,,estimated_from_stock_change_mortality_and_shift,2015-11,https://events.bli.gov.tw/report/attachment_file/report/month/10411/11071102040.csv
2015-11,勞工保險基金,普通事故及職業災害保險,659113929050,6591.1393,659113930000,-0.2,-0.218162,23483793,13010,127714,4458252,0.0024191506,2015,723703,723703,7024,7024,9476,-2452.130046,,estimated_from_stock_change_mortality_and_shift,6464,11月.pdf,https://www.blf.gov.tw/media/2senxaql/11月.pdf?mediaDL=true,https://www.ris.gov.tw/info-popudata/app/awFastDownload/toMain_panel,https://events.bli.gov.tw/report/attachment_file/report/month/10411/11071102040.csv,https://events.bli.gov.tw/report/attachment_file/report/month/10411/11071102030.csv,9277,9277,11730,,estimated_from_stock_change_mortality_and_shift,2015-12,https://events.bli.gov.tw/report/attachment_file/report/month/10412/11071102040.csv
2015-12,勞工保險基金,普通事故及職業災害保險,657404248295,6574.0425,657404250000,-0.55,-0.55,23492074,14426,127714,4458252,0.0024191506,2015,731428,731428,14018,14018,16470,-2452.130046,,estimated_from_stock_change_mortality_and_shift,7081,12月.pdf,https://www.blf.gov.tw/media/c2rjaxph/12月.pdf?mediaDL=true,https://www.ris.gov.tw/info-popudata/app/awFastDownload/toMain_panel,https://events.bli.gov.tw/report/attachment_file/report/month/10412/11071102040.csv,https://events.bli.gov.tw/report/attachment_file/report/month/10412/11071102030.csv,7024,7024,9476,,estimated_from_stock_change_mortality_and_shift,2016-01,https://events.bli.gov.tw/report/attachment_file/report/month/10501/11071102040.csv
2016-01,勞工保險基金,普通事故及職業災害保險,655912552442,6559.1255,655912550000,-1.13,-12.748197,23496068,14292,135855,4660179,0.002462437,2016,746097,746097,12518,12518,14970,-2452.130046,,estimated_from_stock_change_mortality_and_shift,8726,1月.pdf,https://www.blf.gov.tw/media/iangceab/1月.pdf?mediaDL=true,https://www.ris.gov.tw/info-popudata/app/awFastDownload/toMain_panel,https://events.bli.gov.tw/report/attachment_file/report/month/10501/11071102040.csv,https://events.bli.gov.tw/report/attachment_file/report/month/10501/11071102030.csv,14018,14018,16470,,estimated_from_stock_change_mortality_and_shift,2016-02,https://events.bli.gov.tw/report/attachment_file/report/month/10502/11071102040.csv
2016-02,勞工保險基金,普通事故及職業災害保險,660935640035,6609.3564,660935640000,-0.56,-3.31331,23496935,15441,135855,4660179,0.002462437,2016,759230,759230,7886,7886,10339,-2452.130046,,estimated_from_stock_change_mortality_and_shift,3482,2月.pdf,https://www.blf.gov.tw/media/yz3ovztp/2月.pdf?mediaDL=true,https://www.ris.gov.tw/info-popudata/app/awFastDownload/toMain_panel,https://events.bli.gov.tw/report/attachment_file/report/month/10502/11071102040.csv,https://events.bli.gov.tw/report/attachment_file/report/month/10502/11071102030.csv,12518,12518,14970,,estimated_from_stock_change_mortality_and_shift,2016-03,https://events.bli.gov.tw/report/attachment_file/report/month/10503/11071102040.csv
2016-03,勞工保險基金,普通事故及職業災害保險,676663565756,6766.6357,676663570000,1.43,5.843868,23496813,18918,135855,4660179,0.002462437,2016,767699,767699,14712,14712,17164,-2452.130046,,estimated_from_stock_change_mortality_and_shift,7828,3月.pdf,https://www.blf.gov.tw/media/godpr323/3月.pdf?mediaDL=true,https://www.ris.gov.tw/info-popudata/app/awFastDownload/toMain_panel,https://events.bli.gov.tw/report/attachment_file/report/month/10503/11071102040.csv,https://events.bli.gov.tw/report/attachment_file/report/month/10503/11071102030.csv,7886,7886,10339,,estimated_from_stock_change_mortality_and_shift,2016-04,https://events.bli.gov.tw/report/attachment_file/report/month/10504/11071102040.csv
2016-04,勞工保險基金,普通事故及職業災害保險,670202796212,6702.028,670202800000,1.06,3.213827,23499404,14520,135855,4660179,0.002462437,2016,782973,782973,12154,12154,14606,-2452.130046,,estimated_from_stock_change_mortality_and_shift,7702,4月.pdf,https://www.blf.gov.tw/media/punnrxpb/4月.pdf?mediaDL=true,https://www.ris.gov.tw/info-popudata/app/awFastDownload/toMain_panel,https://events.bli.gov.tw/report/attachment_file/report/month/10504/11071102040.csv,https://events.bli.gov.tw/report/attachment_file/report/month/10504/11071102030.csv,14712,14712,17164,,estimated_from_stock_change_mortality_and_shift,2016-05,https://events.bli.gov.tw/report/attachment_file/report/month/10505/11071102040.csv
2016-05,勞工保險基金,普通事故及職業災害保險,679943063387,6799.4306,679943060000,1.74,4.226981,23503349,14238,135855,4660179,0.002462437,2016,795651,795651,11014,11014,13466,-2452.130046,,estimated_from_stock_change_mortality_and_shift,7257,5月.pdf,https://www.blf.gov.tw/media/2w5o5qqa/勞工保險基金-105年5月.pdf?mediaDL=true,https://www.ris.gov.tw/info-popudata/app/awFastDownload/toMain_panel,https://events.bli.gov.tw/report/attachment_file/report/month/10505/11071102040.csv,https://events.bli.gov.tw/report/attachment_file/report/month/10505/11071102030.csv,12154,12154,14606,,estimated_from_stock_change_mortality_and_shift,2016-06,https://events.bli.gov.tw/report/attachment_file/report/month/10506/11071102040.csv
2016-06,勞工保險基金,普通事故及職業災害保險,684968313284,6849.6831,684968310000,2.52,5.103504,23508362,13445,135855,4660179,0.002462437,2016,807158,807158,14458,14458,16911,-2452.130046,,estimated_from_stock_change_mortality_and_shift,7184,6月.pdf,https://www.blf.gov.tw/media/1n4nieu4/勞工保險基金-105年6月.pdf?mediaDL=true,https://www.ris.gov.tw/info-popudata/app/awFastDownload/toMain_panel,https://events.bli.gov.tw/report/attachment_file/report/month/10506/11071102040.csv,https://events.bli.gov.tw/report/attachment_file/report/month/10506/11071102030.csv,11014,11014,13466,,estimated_from_stock_change_mortality_and_shift,2016-07,https://events.bli.gov.tw/report/attachment_file/report/month/10507/11071102040.csv
2016-07,勞工保險基金,普通事故及職業災害保險,691251183140,6912.5118,691251180000,4.18,7.272268,23514750,13021,135855,4660179,0.002462437,2016,822081,822081,13169,13169,15621,-2452.130046,,estimated_from_stock_change_mortality_and_shift,8473,7月.pdf,https://www.blf.gov.tw/media/xpqpuev3/勞工保險基金-105年7月.pdf?mediaDL=true,https://www.ris.gov.tw/info-popudata/app/awFastDownload/toMain_panel,https://events.bli.gov.tw/report/attachment_file/report/month/10507/11071102040.csv,https://events.bli.gov.tw/report/attachment_file/report/month/10507/11071102030.csv,14458,14458,16911,,estimated_from_stock_change_mortality_and_shift,2016-08,https://events.bli.gov.tw/report/attachment_file/report/month/10508/11071102040.csv
2016-08,勞工保險基金,普通事故及職業災害保險,696614759402,6966.1476,696614760000,4.29,6.50353,23516841,14195,135855,4660179,0.002462437,2016,835678,835678,11589,11589,14041,-2452.130046,,estimated_from_stock_change_mortality_and_shift,7630,8月.pdf,https://www.blf.gov.tw/media/efxlun0d/勞工保險基金-105年8月.pdf?mediaDL=true,https://www.ris.gov.tw/info-popudata/app/awFastDownload/toMain_panel,https://events.bli.gov.tw/report/attachment_file/report/month/10508/11071102040.csv,https://events.bli.gov.tw/report/attachment_file/report/month/10508/11071102030.csv,13169,13169,15621,,estimated_from_stock_change_mortality_and_shift,2016-09,https://events.bli.gov.tw/report/attachment_file/report/month/10509/11071102040.csv
2016-09,勞工保險基金,普通事故及職業災害保險,699939104910,6999.391,699939100000,4.36,5.855175,23519518,12829,135855,4660179,0.002462437,2016,847661,847661,12030,12030,14482,-2452.130046,,estimated_from_stock_change_mortality_and_shift,6444,9月.pdf,https://www.blf.gov.tw/media/0h0ph50d/勞工保險基金-105年9月.pdf?mediaDL=true,https://www.ris.gov.tw/info-popudata/app/awFastDownload/toMain_panel,https://events.bli.gov.tw/report/attachment_file/report/month/10509/11071102040.csv,https://events.bli.gov.tw/report/attachment_file/report/month/10509/11071102030.csv,11589,11589,14041,,estimated_from_stock_change_mortality_and_shift,2016-10,https://events.bli.gov.tw/report/attachment_file/report/month/10510/11071102040.csv
2016-10,勞工保險基金,普通事故及職業災害保險,698254438561,6982.5444,698254440000,3.85,4.637607,23526295,13676,135855,4660179,0.002462437,2016,860056,860056,11805,11805,14257,-2452.130046,,estimated_from_stock_change_mortality_and_shift,7277,10月.pdf,https://www.blf.gov.tw/media/pbif5ftl/勞工保險基金-105年10月.pdf?mediaDL=true,https://www.ris.gov.tw/info-popudata/app/awFastDownload/toMain_panel,https://events.bli.gov.tw/report/attachment_file/report/month/10510/11071102040.csv,https://events.bli.gov.tw/report/attachment_file/report/month/10510/11071102030.csv,12030,12030,14482,,estimated_from_stock_change_mortality_and_shift,2016-11,https://events.bli.gov.tw/report/attachment_file/report/month/10511/11071102040.csv
2016-11,勞工保險基金,普通事故及職業災害保險,694556603696,6945.566,694556600000,3.23,3.52876,23532065,13663,135855,4660179,0.002462437,2016,872195,872195,11982,11982,14434,-2452.130046,,estimated_from_stock_change_mortality_and_shift,7142,11月.pdf,https://www.blf.gov.tw/media/xrln01xb/勞工保險基金-105年11月.pdf?mediaDL=true,https://www.ris.gov.tw/info-popudata/app/awFastDownload/toMain_panel,https://events.bli.gov.tw/report/attachment_file/report/month/10511/11071102040.csv,https://events.bli.gov.tw/report/attachment_file/report/month/10511/11071102030.csv,11805,11805,14257,,estimated_from_stock_change_mortality_and_shift,2016-12,https://events.bli.gov.tw/report/attachment_file/report/month/10512/11071102040.csv
2016-12,勞工保險基金,普通事故及職業災害保險,696539061866,6965.3906,696539060000,4.02,4.02,23539816,14167,135855,4660179,0.002462437,2016,884481,884481,19903,19903,22355,-2452.130046,,estimated_from_stock_change_mortality_and_shift,8095,12月.pdf,https://www.blf.gov.tw/media/zachynck/勞工保險基金-105年12月.pdf?mediaDL=true,https://www.ris.gov.tw/info-popudata/app/awFastDownload/toMain_panel,https://events.bli.gov.tw/report/attachment_file/report/month/10512/11071102040.csv,https://events.bli.gov.tw/report/attachment_file/report/month/10512/11071102030.csv,11982,11982,14434,,estimated_from_stock_change_mortality_and_shift,2017-01,https://events.bli.gov.tw/report/attachment_file/report/month/10601/11071102040.csv
2017-01,勞工保險基金,普通事故及職業災害保險,699449452570,6994.4945,699449450000,0.28,3.41223,23543346,12835,136730,4849818,0.0023803175,2017,904731,904731,12980,12980,15433,-2452.130046,,estimated_from_stock_change_mortality_and_shift,9066,1月.pdf,https://www.blf.gov.tw/media/syanakqx/勞工保險基金-106年1月.pdf?mediaDL=true,https://www.ris.gov.tw/info-popudata/app/awFastDownload/toMain_panel,https://events.bli.gov.tw/report/attachment_file/report/month/10601/11071102040.csv,https://events.bli.gov.tw/report/attachment_file/report/month/10601/11071102030.csv,19903,19903,22355,,estimated_from_stock_change_mortality_and_shift,2017-02,https://events.bli.gov.tw/report/attachment_file/report/month/10602/11071102040.csv
2017-02,勞工保險基金,普通事故及職業災害保險,698641089351,6986.4109,698641090000,0.8,4.89703,23544189,14865,136730,4849818,0.0023803175,2017,918010,918010,13480,13480,15932,-2452.130046,,estimated_from_stock_change_mortality_and_shift,7212,2月.pdf,https://www.blf.gov.tw/media/3c1bzrbk/勞工保險基金-106年2月.pdf?mediaDL=true,https://www.ris.gov.tw/info-popudata/app/awFastDownload/toMain_panel,https://events.bli.gov.tw/report/attachment_file/report/month/10602/11071102040.csv,https://events.bli.gov.tw/report/attachment_file/report/month/10602/11071102030.csv,12980,12980,15433,,estimated_from_stock_change_mortality_and_shift,2017-03,https://events.bli.gov.tw/report/attachment_file/report/month/10603/11071102040.csv
2017-03,勞工保險基金,普通事故及職業災害保險,696767486201,6967.6749,696767490000,1.04,4.225347,23545680,17391,136730,4849818,0.0023803175,2017,931757,931757,17256,17256,19708,-2452.130046,,estimated_from_stock_change_mortality_and_shift,10873,3月.pdf,https://www.blf.gov.tw/media/h3yjltrb/勞工保險基金-106年3月.pdf?mediaDL=true,https://www.ris.gov.tw/info-popudata/app/awFastDownload/toMain_panel,https://events.bli.gov.tw/report/attachment_file/report/month/10603/11071102040.csv,https://events.bli.gov.tw/report/attachment_file/report/month/10603/11071102030.csv,13480,13480,15932,,estimated_from_stock_change_mortality_and_shift,2017-04,https://events.bli.gov.tw/report/attachment_file/report/month/10604/11071102040.csv
2017-04,勞工保險基金,普通事故及職業災害保險,700102664026,7001.0266,700102660000,1.74,5.311355,23547448,13110,136730,4849818,0.0023803175,2017,949247,949247,12721,12721,15174,-2452.130046,,estimated_from_stock_change_mortality_and_shift,8231,4月.pdf,https://www.blf.gov.tw/media/5cjpo5wq/勞工保險基金-106年4月.pdf?mediaDL=true,https://www.ris.gov.tw/info-popudata/app/awFastDownload/toMain_panel,https://events.bli.gov.tw/report/attachment_file/report/month/10604/11071102040.csv,https://events.bli.gov.tw/report/attachment_file/report/month/10604/11071102030.csv,17256,17256,19708,,estimated_from_stock_change_mortality_and_shift,2017-05,https://events.bli.gov.tw/report/attachment_file/report/month/10605/11071102040.csv
2017-05,勞工保險基金,普通事故及職業災害保險,705389664122,7053.8966,705389660000,2.84,6.952013,23550077,13914,136730,4849818,0.0023803175,2017,962161,962161,11777,11777,14229,-2452.130046,,estimated_from_stock_change_mortality_and_shift,8997,5月.pdf,https://www.blf.gov.tw/media/5vbftgoq/勞工保險基金-106年5月.pdf?mediaDL=true,https://www.ris.gov.tw/info-popudata/app/awFastDownload/toMain_panel,https://events.bli.gov.tw/report/attachment_file/report/month/10605/11071102040.csv,https://events.bli.gov.tw/report/attachment_file/report/month/10605/11071102030.csv,12721,12721,15174,,estimated_from_stock_change_mortality_and_shift,2017-06,https://events.bli.gov.tw/report/attachment_file/report/month/10606/11071102040.csv
2017-06,勞工保險基金,普通事故及職業災害保險,712970923749,7129.7092,712970920000,4.46,9.118916,23552470,14453,136730,4849818,0.0023803175,2017,974100,974100,15911,15911,18363,-2452.130046,,estimated_from_stock_change_mortality_and_shift,9842,6月.pdf,https://www.blf.gov.tw/media/wfxik2g4/勞工保險基金-106年6月.pdf?mediaDL=true,https://www.ris.gov.tw/info-popudata/app/awFastDownload/toMain_panel,https://events.bli.gov.tw/report/attachment_file/report/month/10606/11071102040.csv,https://events.bli.gov.tw/report/attachment_file/report/month/10606/11071102030.csv,11777,11777,14229,,estimated_from_stock_change_mortality_and_shift,2017-07,https://events.bli.gov.tw/report/attachment_file/report/month/10607/11071102040.csv
2017-07,勞工保險基金,普通事故及職業災害保險,712505547868,7125.0555,712505550000,5.51,9.630634,23554803,14479,136730,4849818,0.0023803175,2017,990144,990144,12318,12318,14770,-2452.130046,,estimated_from_stock_change_mortality_and_shift,10813,7月.pdf,https://www.blf.gov.tw/media/vpxpotda/勞工保險基金-106年7月.pdf?mediaDL=true,https://www.ris.gov.tw/info-popudata/app/awFastDownload/toMain_panel,https://events.bli.gov.tw/report/attachment_file/report/month/10607/11071102040.csv,https://events.bli.gov.tw/report/attachment_file/report/month/10607/11071102030.csv,15911,15911,18363,,estimated_from_stock_change_mortality_and_shift,2017-08,https://events.bli.gov.tw/report/attachment_file/report/month/10608/11071102040.csv
2017-08,勞工保險基金,普通事故及職業災害保險,715110109613,7151.1011,715110110000,6.07,9.241801,23556169,15580,136730,4849818,0.0023803175,2017,1002557,1002557,10200,10200,12652,-2452.130046,,estimated_from_stock_change_mortality_and_shift,8911,8月.pdf,https://www.blf.gov.tw/media/ecibunya/勞工保險基金-106年8月.pdf?mediaDL=true,https://www.ris.gov.tw/info-popudata/app/awFastDownload/toMain_panel,https://events.bli.gov.tw/report/attachment_file/report/month/10608/11071102040.csv,https://events.bli.gov.tw/report/attachment_file/report/month/10608/11071102030.csv,12318,12318,14770,,estimated_from_stock_change_mortality_and_shift,2017-09,https://events.bli.gov.tw/report/attachment_file/report/month/10609/11071102040.csv
2017-09,勞工保險基金,普通事故及職業災害保險,715556742642,7155.5674,715556740000,6.22,8.378149,23557467,13436,136730,4849818,0.0023803175,2017,1012823,1012823,11135,11135,13587,-2452.130046,,estimated_from_stock_change_mortality_and_shift,8101,9月.pdf,https://www.blf.gov.tw/media/gerckmj0/勞工保險基金-106年9月.pdf?mediaDL=true,https://www.ris.gov.tw/info-popudata/app/awFastDownload/toMain_panel,https://events.bli.gov.tw/report/attachment_file/report/month/10609/11071102040.csv,https://events.bli.gov.tw/report/attachment_file/report/month/10609/11071102030.csv,10200,10200,12652,,estimated_from_stock_change_mortality_and_shift,2017-10,https://events.bli.gov.tw/report/attachment_file/report/month/10610/11071102040.csv
2017-10,勞工保險基金,普通事故及職業災害保險,722101756685,7221.0176,722101760000,7.33,8.859254,23562318,13710,136730,4849818,0.0023803175,2017,1023999,1023999,9117,9117,11569,-2452.130046,,estimated_from_stock_change_mortality_and_shift,7285,10月.pdf,https://www.blf.gov.tw/media/gsqf14sv/勞工保險基金-106年10月.pdf?mediaDL=true,https://www.ris.gov.tw/info-popudata/app/awFastDownload/toMain_panel,https://events.bli.gov.tw/report/attachment_file/report/month/10610/11071102040.csv,https://events.bli.gov.tw/report/attachment_file/report/month/10610/11071102030.csv,11135,11135,13587,,estimated_from_stock_change_mortality_and_shift,2017-11,https://events.bli.gov.tw/report/attachment_file/report/month/10611/11071102040.csv
2017-11,勞工保險基金,普通事故及職業災害保險,722333963240,7223.3396,722333960000,7.4,8.099293,23566853,13632,136730,4849818,0.0023803175,2017,1033131,1033131,8749,8749,11201,-2452.130046,,estimated_from_stock_change_mortality_and_shift,7395,11月.pdf,https://www.blf.gov.tw/media/eqmnfoma/勞工保險基金-106年11月.pdf?mediaDL=true,https://www.ris.gov.tw/info-popudata/app/awFastDownload/toMain_panel,https://events.bli.gov.tw/report/attachment_file/report/month/10611/11071102040.csv,https://events.bli.gov.tw/report/attachment_file/report/month/10611/11071102030.csv,9117,9117,11569,,estimated_from_stock_change_mortality_and_shift,2017-12,https://events.bli.gov.tw/report/attachment_file/report/month/10612/11071102040.csv
2017-12,勞工保險基金,普通事故及職業災害保險,723110228790,7231.1023,723110230000,7.87,7.87,23571227,13837,136730,4849818,0.0023803175,2017,1041873,1041873,13993,13993,16446,-2452.130046,,estimated_from_stock_change_mortality_and_shift,6916,12月.pdf,https://www.blf.gov.tw/media/zsibakdm/勞工保險基金-106年12月.pdf?mediaDL=true,https://www.ris.gov.tw/info-popudata/app/awFastDownload/toMain_panel,https://events.bli.gov.tw/report/attachment_file/report/month/10612/11071102040.csv,https://events.bli.gov.tw/report/attachment_file/report/month/10612/11071102030.csv,8749,8749,11201,,estimated_from_stock_change_mortality_and_shift,2018-01,https://events.bli.gov.tw/report/attachment_file/report/month/10701/11071102040.csv
2018-01,勞工保險基金,普通事故及職業災害保險,733351980949,7333.5198,733351980000,1.54,20.12846,23572049,16761,137908,5053317,0.0023031682,2018,1055919,1055919,11882,11882,14334,-2452.130046,,estimated_from_stock_change_mortality_and_shift,9542,1月.pdf,https://www.blf.gov.tw/media/ng4dsr1b/勞工保險基金-107年1月.pdf?mediaDL=true,https://www.ris.gov.tw/info-popudata/app/awFastDownload/toMain_panel,https://events.bli.gov.tw/report/attachment_file/report/month/10701/11071102040.csv,https://events.bli.gov.tw/report/attachment_file/report/month/10701/11071102030.csv,13993,13993,16446,,estimated_from_stock_change_mortality_and_shift,2018-02,https://events.bli.gov.tw/report/attachment_file/report/month/10702/11071102040.csv
2018-02,勞工保險基金,普通事故及職業災害保險,717875513961,7178.7551,717875510000,-0.45,-2.669807,23571408,14493,137908,5053317,0.0023031682,2018,1067821,1067821,7575,7575,10027,-2452.130046,,estimated_from_stock_change_mortality_and_shift,4323,2月.pdf,https://www.blf.gov.tw/media/ylvjdae5/勞工保險基金-107年2月.pdf?mediaDL=true,https://www.ris.gov.tw/info-popudata/app/awFastDownload/toMain_panel,https://events.bli.gov.tw/report/attachment_file/report/month/10702/11071102040.csv,https://events.bli.gov.tw/report/attachment_file/report/month/10702/11071102030.csv,11882,11882,14334,,estimated_from_stock_change_mortality_and_shift,2018-03,https://events.bli.gov.tw/report/attachment_file/report/month/10703/11071102040.csv
2018-03,勞工保險基金,普通事故及職業災害保險,715353562392,7153.5356,715353560000,-0.72,-2.849045,23571990,17200,137908,5053317,0.0023031682,2018,1075389,1075389,12514,12514,14966,-2452.130046,,estimated_from_stock_change_mortality_and_shift,7562,3月.pdf,https://www.blf.gov.tw/media/xlgea1bc/勞工保險基金-107年3月.pdf?mediaDL=true,https://www.ris.gov.tw/info-popudata/app/awFastDownload/toMain_panel,https://events.bli.gov.tw/report/attachment_file/report/month/10703/11071102040.csv,https://events.bli.gov.tw/report/attachment_file/report/month/10703/11071102030.csv,7575,7575,10027,,estimated_from_stock_change_mortality_and_shift,2018-04,https://events.bli.gov.tw/report/attachment_file/report/month/10704/11071102040.csv
2018-04,勞工保險基金,普通事故及職業災害保險,714692509596,7146.9251,714692510000,-0.63,-1.878118,23571497,13988,137908,5053317,0.0023031682,2018,1087878,1087878,9322,9322,11775,-2452.130046,,estimated_from_stock_change_mortality_and_shift,6513,4月.pdf,https://www.blf.gov.tw/media/clqmr3u4/勞工保險基金-107年4月.pdf?mediaDL=true,https://www.ris.gov.tw/info-popudata/app/awFastDownload/toMain_panel,https://events.bli.gov.tw/report/attachment_file/report/month/10704/11071102040.csv,https://events.bli.gov.tw/report/attachment_file/report/month/10704/11071102030.csv,12514,12514,14966,,estimated_from_stock_change_mortality_and_shift,2018-05,https://events.bli.gov.tw/report/attachment_file/report/month/10705/11071102040.csv
2018-05,勞工保險基金,普通事故及職業災害保險,720557471307,7205.5747,720557470000,0.14,0.336329,23572415,14328,137908,5053317,0.0023031682,2018,1097147,1097147,9494,9494,11946,-2452.130046,,estimated_from_stock_change_mortality_and_shift,7734,5月.pdf,https://www.blf.gov.tw/media/4twjlmvm/勞工保險基金-107年5月.pdf?mediaDL=true,https://www.ris.gov.tw/info-popudata/app/awFastDownload/toMain_panel,https://events.bli.gov.tw/report/attachment_file/report/month/10705/11071102040.csv,https://events.bli.gov.tw/report/attachment_file/report/month/10705/11071102030.csv,9322,9322,11775,,estimated_from_stock_change_mortality_and_shift,2018-06,https://events.bli.gov.tw/report/attachment_file/report/month/10706/11071102040.csv
2018-06,勞工保險基金,普通事故及職業災害保險,718677935744,7186.7794,718677940000,0.76,1.525776,23574274,13043,137908,5053317,0.0023031682,2018,1106566,1106566,11925,11925,14378,-2452.130046,,estimated_from_stock_change_mortality_and_shift,6526,6月.pdf,https://www.blf.gov.tw/media/u2qf0u4s/勞工保險基金-107年6月.pdf?mediaDL=true,https://www.ris.gov.tw/info-popudata/app/awFastDownload/toMain_panel,https://events.bli.gov.tw/report/attachment_file/report/month/10706/11071102040.csv,https://events.bli.gov.tw/report/attachment_file/report/month/10706/11071102030.csv,9494,9494,11946,,estimated_from_stock_change_mortality_and_shift,2018-07,https://events.bli.gov.tw/report/attachment_file/report/month/10707/11071102040.csv
2018-07,勞工保險基金,普通事故及職業災害保險,726914228672,7269.1423,726914230000,2.74,4.742989,23576705,14372,137908,5053317,0.0023031682,2018,1118395,1118395,10812,10812,13264,-2452.130046,,estimated_from_stock_change_mortality_and_shift,8863,7月.pdf,https://www.blf.gov.tw/media/z3sbd1hj/勞工保險基金-107年7月.pdf?mediaDL=true,https://www.ris.gov.tw/info-popudata/app/awFastDownload/toMain_panel,https://events.bli.gov.tw/report/attachment_file/report/month/10707/11071102040.csv,https://events.bli.gov.tw/report/attachment_file/report/month/10707/11071102030.csv,11925,11925,14378,,estimated_from_stock_change_mortality_and_shift,2018-08,https://events.bli.gov.tw/report/attachment_file/report/month/10708/11071102040.csv
2018-08,勞工保險基金,普通事故及職業災害保險,731778538366,7317.7854,731778540000,3.22,4.868675,23577271,14162,137908,5053317,0.0023031682,2018,1129083,1129083,9538,9538,11990,-2452.130046,,estimated_from_stock_change_mortality_and_shift,8196,8月.pdf,https://www.blf.gov.tw/media/twiln32k/勞工保險基金-107年8月.pdf?mediaDL=true,https://www.ris.gov.tw/info-popudata/app/awFastDownload/toMain_panel,https://events.bli.gov.tw/report/attachment_file/report/month/10708/11071102040.csv,https://events.bli.gov.tw/report/attachment_file/report/month/10708/11071102030.csv,10812,10812,13264,,estimated_from_stock_change_mortality_and_shift,2018-09,https://events.bli.gov.tw/report/attachment_file/report/month/10709/11071102040.csv
2018-09,勞工保險基金,普通事故及職業災害保險,729796780721,7297.9678,729796780000,3.07,4.114136,23577488,12886,137908,5053317,0.0023031682,2018,1138473,1138473,9540,9540,11992,-2452.130046,,estimated_from_stock_change_mortality_and_shift,6181,9月.pdf,https://www.blf.gov.tw/media/orbn5v3u/勞工保險基金-107年9月.pdf?mediaDL=true,https://www.ris.gov.tw/info-popudata/app/awFastDownload/toMain_panel,https://events.bli.gov.tw/report/attachment_file/report/month/10709/11071102040.csv,https://events.bli.gov.tw/report/attachment_file/report/month/10709/11071102030.csv,9538,9538,11990,,estimated_from_stock_change_mortality_and_shift,2018-10,https://events.bli.gov.tw/report/attachment_file/report/month/10710/11071102040.csv
2018-10,勞工保險基金,普通事故及職業災害保險,701772540214,7017.7254,701772540000,-0.53,-0.635662,23580833,14922,137908,5053317,0.0023031682,2018,1147843,1147843,9769,9769,12221,-2452.130046,,estimated_from_stock_change_mortality_and_shift,7713,10月.pdf,https://www.blf.gov.tw/media/qxsiqi25/勞工保險基金-107年10月.pdf?mediaDL=true,https://www.ris.gov.tw/info-popudata/app/awFastDownload/toMain_panel,https://events.bli.gov.tw/report/attachment_file/report/month/10710/11071102040.csv,https://events.bli.gov.tw/report/attachment_file/report/month/10710/11071102030.csv,9540,9540,11992,,estimated_from_stock_change_mortality_and_shift,2018-11,https://events.bli.gov.tw/report/attachment_file/report/month/10711/11071102040.csv
2018-11,勞工保險基金,普通事故及職業災害保險,701721934258,7017.2193,701721930000,-0.3,-0.327228,23584865,13680,137908,5053317,0.0023031682,2018,1157420,1157420,8560,8560,11012,-2452.130046,,estimated_from_stock_change_mortality_and_shift,6302,11月.pdf,https://www.blf.gov.tw/media/rhuc3ybg/勞工保險基金-107年11月.pdf?mediaDL=true,https://www.ris.gov.tw/info-popudata/app/awFastDownload/toMain_panel,https://events.bli.gov.tw/report/attachment_file/report/month/10711/11071102040.csv,https://events.bli.gov.tw/report/attachment_file/report/month/10711/11071102030.csv,9769,9769,12221,,estimated_from_stock_change_mortality_and_shift,2018-12,https://events.bli.gov.tw/report/attachment_file/report/month/10712/11071102040.csv
2018-12,勞工保險基金,普通事故及職業災害保險,685960207268,6859.6021,685960210000,-2.22,-2.22,23588932,12949,137908,5053317,0.0023031682,2018,1165766,1165766,12856,12856,15308,-2452.130046,,estimated_from_stock_change_mortality_and_shift,6267,12月.pdf,https://www.blf.gov.tw/media/fxzpxeyn/勞工保險基金-107年12月.pdf?mediaDL=true,https://www.ris.gov.tw/info-popudata/app/awFastDownload/toMain_panel,https://events.bli.gov.tw/report/attachment_file/report/month/10712/11071102040.csv,https://events.bli.gov.tw/report/attachment_file/report/month/10712/11071102030.csv,8560,8560,11012,,estimated_from_stock_change_mortality_and_shift,2019-01,https://events.bli.gov.tw/report/attachment_file/report/month/10801/11071102040.csv
2019-01,勞工保險基金,普通事故及職業災害保險,707591798690,7075.918,707591800000,2.86,40.267882,23590744,16622,141138,5264646,0.0022619834,2019,1178437,1178437,10968,10968,13421,-2452.130046,,estimated_from_stock_change_mortality_and_shift,8628,1月.pdf,https://www.blf.gov.tw/media/grjb5uvs/勞工保險基金-108年1月.pdf?mediaDL=true,https://www.ris.gov.tw/info-popudata/app/awFastDownload/toMain_panel,https://events.bli.gov.tw/report/attachment_file/report/month/10801/11071102040.csv,https://events.bli.gov.tw/report/attachment_file/report/month/10801/11071102030.csv,12856,12856,15308,,estimated_from_stock_change_mortality_and_shift,2019-02,https://events.bli.gov.tw/report/attachment_file/report/month/10802/11071102040.csv
2019-02,勞工保險基金,普通事故及職業災害保險,713222981731,7132.2298,713222980000,4.54,30.525383,23590004,13352,141138,5264646,0.0022619834,2019,1189192,1189192,7674,7674,10126,-2452.130046,,estimated_from_stock_change_mortality_and_shift,4548,2月.pdf,https://www.blf.gov.tw/media/dtmjk4ch/勞工保險基金-108年2月.pdf?mediaDL=true,https://www.ris.gov.tw/info-popudata/app/awFastDownload/toMain_panel,https://events.bli.gov.tw/report/attachment_file/report/month/10802/11071102040.csv,https://events.bli.gov.tw/report/attachment_file/report/month/10802/11071102030.csv,10968,10968,13421,,estimated_from_stock_change_mortality_and_shift,2019-03,https://events.bli.gov.tw/report/attachment_file/report/month/10803/11071102040.csv
2019-03,勞工保險基金,普通事故及職業災害保險,719808003639,7198.08,719808000000,5.83,25.439751,23589192,15171,141138,5264646,0.0022619834,2019,1196628,1196628,10843,10843,13295,-2452.130046,,estimated_from_stock_change_mortality_and_shift,7722,3月.pdf,https://www.blf.gov.tw/media/2jvbgrci/勞工保險基金-108年3月.pdf?mediaDL=true,https://www.ris.gov.tw/info-popudata/app/awFastDownload/toMain_panel,https://events.bli.gov.tw/report/attachment_file/report/month/10803/11071102040.csv,https://events.bli.gov.tw/report/attachment_file/report/month/10803/11071102030.csv,7674,7674,10126,,estimated_from_stock_change_mortality_and_shift,2019-04,https://events.bli.gov.tw/report/attachment_file/report/month/10804/11071102040.csv
2019-04,勞工保險基金,普通事故及職業災害保險,727513683953,7275.1368,727513680000,7.51,24.264359,23589312,14996,141138,5264646,0.0022619834,2019,1207216,1207216,8785,8785,11237,-2452.130046,,estimated_from_stock_change_mortality_and_shift,7175,4月.pdf,https://www.blf.gov.tw/media/53ia1an5/勞工保險基金-108年4月.pdf?mediaDL=true,https://www.ris.gov.tw/info-popudata/app/awFastDownload/toMain_panel,https://events.bli.gov.tw/report/attachment_file/report/month/10804/11071102040.csv,https://events.bli.gov.tw/report/attachment_file/report/month/10804/11071102030.csv,10843,10843,13295,,estimated_from_stock_change_mortality_and_shift,2019-05,https://events.bli.gov.tw/report/attachment_file/report/month/10805/11071102040.csv
2019-05,勞工保險基金,普通事故及職業災害保險,717505139577,7175.0514,717505140000,6.07,15.191959,23589870,14655,141138,5264646,0.0022619834,2019,1215722,1215722,8257,8257,10709,-2452.130046,,estimated_from_stock_change_mortality_and_shift,7795,5月.pdf,https://www.blf.gov.tw/media/sa2jgdx3/勞工保險基金-108年5月.pdf?mediaDL=true,https://www.ris.gov.tw/info-popudata/app/awFastDownload/toMain_panel,https://events.bli.gov.tw/report/attachment_file/report/month/10805/11071102040.csv,https://events.bli.gov.tw/report/attachment_file/report/month/10805/11071102030.csv,8785,8785,11237,,estimated_from_stock_change_mortality_and_shift,2019-06,https://events.bli.gov.tw/report/attachment_file/report/month/10806/11071102040.csv
2019-06,勞工保險基金,普通事故及職業災害保險,727998369978,7279.9837,727998370000,8.25,17.180625,23591031,13302,141138,5264646,0.0022619834,2019,1223681,1223681,10588,10588,13040,-2452.130046,,estimated_from_stock_change_mortality_and_shift,6411,6月.pdf,https://www.blf.gov.tw/media/1t0dd3ah/勞工保險基金-108年6月.pdf?mediaDL=true,https://www.ris.gov.tw/info-popudata/app/awFastDownload/toMain_panel,https://events.bli.gov.tw/report/attachment_file/report/month/10806/11071102040.csv,https://events.bli.gov.tw/report/attachment_file/report/month/10806/11071102030.csv,8257,8257,10709,,estimated_from_stock_change_mortality_and_shift,2019-07,https://events.bli.gov.tw/report/attachment_file/report/month/10807/11071102040.csv
2019-07,勞工保險基金,普通事故及職業災害保險,728098117864,7280.9812,728098120000,9.07,16.048005,23592598,15854,141138,5264646,0.0022619834,2019,1233953,1233953,9951,9951,12403,-2452.130046,,estimated_from_stock_change_mortality_and_shift,8836,7月.pdf,https://www.blf.gov.tw/media/10xjxerp/勞工保險基金-108年7月.pdf?mediaDL=true,https://www.ris.gov.tw/info-popudata/app/awFastDownload/toMain_panel,https://events.bli.gov.tw/report/attachment_file/report/month/10807/11071102040.csv,https://events.bli.gov.tw/report/attachment_file/report/month/10807/11071102030.csv,10588,10588,13040,,estimated_from_stock_change_mortality_and_shift,2019-08,https://events.bli.gov.tw/report/attachment_file/report/month/10808/11071102040.csv
2019-08,勞工保險基金,普通事故及職業災害保險,729201022259,7292.0102,729201020000,9.28,14.238115,23593794,13983,141138,5264646,0.0022619834,2019,1243565,1243565,7853,7853,10305,-2452.130046,,estimated_from_stock_change_mortality_and_shift,6674,8月.pdf,https://www.blf.gov.tw/media/ig2hadzr/勞工保險基金-108年8月.pdf?mediaDL=true,https://www.ris.gov.tw/info-popudata/app/awFastDownload/toMain_panel,https://events.bli.gov.tw/report/attachment_file/report/month/10808/11071102040.csv,https://events.bli.gov.tw/report/attachment_file/report/month/10808/11071102030.csv,9951,9951,12403,,estimated_from_stock_change_mortality_and_shift,2019-09,https://events.bli.gov.tw/report/attachment_file/report/month/10809/11071102040.csv
2019-09,勞工保險基金,普通事故及職業災害保險,730270407136,7302.7041,730270410000,9.47,12.821921,23593783,13866,141138,5264646,0.0022619834,2019,1251057,1251057,7882,7882,10334,-2452.130046,,estimated_from_stock_change_mortality_and_shift,5453,9月.pdf,https://www.blf.gov.tw/media/jhjabrdq/勞工保險基金-108年9月.pdf?mediaDL=true,https://www.ris.gov.tw/info-popudata/app/awFastDownload/toMain_panel,https://events.bli.gov.tw/report/attachment_file/report/month/10809/11071102040.csv,https://events.bli.gov.tw/report/attachment_file/report/month/10809/11071102030.csv,7853,7853,10305,,estimated_from_stock_change_mortality_and_shift,2019-10,https://events.bli.gov.tw/report/attachment_file/report/month/10810/11071102040.csv
2019-10,勞工保險基金,普通事故及職業災害保險,734414508336,7344.1451,734414510000,10.65,12.912416,23596266,15350,141138,5264646,0.0022619834,2019,1258561,1258561,8050,8050,10502,-2452.130046,,estimated_from_stock_change_mortality_and_shift,6868,10月.pdf,https://www.blf.gov.tw/media/4axflnkn/勞工保險基金-108年10月.pdf?mediaDL=true,https://www.ris.gov.tw/info-popudata/app/awFastDownload/toMain_panel,https://events.bli.gov.tw/report/attachment_file/report/month/10810/11071102040.csv,https://events.bli.gov.tw/report/attachment_file/report/month/10810/11071102030.csv,7882,7882,10334,,estimated_from_stock_change_mortality_and_shift,2019-11,https://events.bli.gov.tw/report/attachment_file/report/month/10811/11071102040.csv
2019-11,勞工保險基金,普通事故及職業災害保險,740422936629,7404.2294,740422940000,11.62,12.741083,23598776,13739,141138,5264646,0.0022619834,2019,1266216,1266216,7583,7583,10035,-2452.130046,,estimated_from_stock_change_mortality_and_shift,5548,11月.pdf,https://www.blf.gov.tw/media/hmfeqh5a/勞工保險基金-108年11月.pdf?mediaDL=true,https://www.ris.gov.tw/info-popudata/app/awFastDownload/toMain_panel,https://events.bli.gov.tw/report/attachment_file/report/month/10811/11071102040.csv,https://events.bli.gov.tw/report/attachment_file/report/month/10811/11071102030.csv,8050,8050,10502,,estimated_from_stock_change_mortality_and_shift,2019-12,https://events.bli.gov.tw/report/attachment_file/report/month/10812/11071102040.csv
2019-12,勞工保險基金,普通事故及職業災害保險,741003035829,7410.0304,741003040000,13.3,13.3,23603121,15406,141138,5264646,0.0022619834,2019,1273387,1273387,11363,11363,13815,-2452.130046,,estimated_from_stock_change_mortality_and_shift,6273,12月.pdf,https://www.blf.gov.tw/media/fxijjxcj/勞工保險基金-108年12月.pdf?mediaDL=true,https://www.ris.gov.tw/info-popudata/app/awFastDownload/toMain_panel,https://events.bli.gov.tw/report/attachment_file/report/month/10812/11071102040.csv,https://events.bli.gov.tw/report/attachment_file/report/month/10812/11071102030.csv,7583,7583,10035,,estimated_from_stock_change_mortality_and_shift,2020-01,https://events.bli.gov.tw/report/attachment_file/report/month/10901/11071102040.csv
2020-01,勞工保險基金,普通事故及職業災害保險,747139912500,7471.3991,747139910000,-0.86,-9.84559,23604265,14673,140408,5464400,0.0021668929,2020,1284443,1284443,10046,10046,12498,-2452.130046,,estimated_from_stock_change_mortality_and_shift,6174,1月.pdf,https://www.blf.gov.tw/media/ebbjpm52/勞工保險基金-109年1月.pdf?mediaDL=true,https://www.ris.gov.tw/info-popudata/app/awFastDownload/toMain_panel,https://events.bli.gov.tw/report/attachment_file/report/month/10901/11071102040.csv,https://events.bli.gov.tw/report/attachment_file/report/month/10901/11071102030.csv,11363,11363,13815,,estimated_from_stock_change_mortality_and_shift,2020-02,https://events.bli.gov.tw/report/attachment_file/report/month/10902/11071102040.csv
2020-02,勞工保險基金,普通事故及職業災害保險,742425883863,7424.2588,742425880000,-3.47,-19.095284,23600903,16211,140408,5464400,0.0021668929,2020,1294158,1294158,9382,9382,11834,-2452.130046,,estimated_from_stock_change_mortality_and_shift,5513,2月.pdf,https://www.blf.gov.tw/media/fi3lyzzg/勞工保險基金-109年2月.pdf?mediaDL=true,https://www.ris.gov.tw/info-popudata/app/awFastDownload/toMain_panel,https://events.bli.gov.tw/report/attachment_file/report/month/10902/11071102040.csv,https://events.bli.gov.tw/report/attachment_file/report/month/10902/11071102030.csv,10046,10046,12498,,estimated_from_stock_change_mortality_and_shift,2020-03,https://events.bli.gov.tw/report/attachment_file/report/month/10903/11071102040.csv
2020-03,勞工保險基金,普通事故及職業災害保險,690236812040,6902.3681,690236810000,-10.33,-35.347,23596493,16083,140408,5464400,0.0021668929,2020,1303188,1303188,10858,10858,13310,-2452.130046,,estimated_from_stock_change_mortality_and_shift,6987,3月.pdf,https://www.blf.gov.tw/media/ufsfwgqe/勞工保險基金-109年3月.pdf?mediaDL=true,https://www.ris.gov.tw/info-popudata/app/awFastDownload/toMain_panel,https://events.bli.gov.tw/report/attachment_file/report/month/10903/11071102040.csv,https://events.bli.gov.tw/report/attachment_file/report/month/10903/11071102030.csv,9382,9382,11834,,estimated_from_stock_change_mortality_and_shift,2020-04,https://events.bli.gov.tw/report/attachment_file/report/month/10904/11071102040.csv
2020-04,勞工保險基金,普通事故及職業災害保險,714618885630,7146.1889,714618890000,-6.1,-17.206398,23591920,14423,140408,5464400,0.0021668929,2020,1313674,1313674,9049,9049,11502,-2452.130046,,estimated_from_stock_change_mortality_and_shift,6616,4月.pdf,https://www.blf.gov.tw/media/cvpjuaq3/勞工保險基金-109年4月.pdf?mediaDL=true,https://www.ris.gov.tw/info-popudata/app/awFastDownload/toMain_panel,https://events.bli.gov.tw/report/attachment_file/report/month/10904/11071102040.csv,https://events.bli.gov.tw/report/attachment_file/report/month/10904/11071102030.csv,10858,10858,13310,,estimated_from_stock_change_mortality_and_shift,2020-05,https://events.bli.gov.tw/report/attachment_file/report/month/10905/11071102040.csv
2020-05,勞工保險基金,普通事故及職業災害保險,720198846875,7201.9885,720198850000,-4.52,-10.506852,23586562,13272,140408,5464400,0.0021668929,2020,1322329,1322329,8941,8941,11393,-2452.130046,,estimated_from_stock_change_mortality_and_shift,5668,5月.pdf,https://www.blf.gov.tw/media/04gbvaak/勞工保險基金-109年5月.pdf?mediaDL=true,https://www.ris.gov.tw/info-popudata/app/awFastDownload/toMain_panel,https://events.bli.gov.tw/report/attachment_file/report/month/10905/11071102040.csv,https://events.bli.gov.tw/report/attachment_file/report/month/10905/11071102030.csv,9049,9049,11502,,estimated_from_stock_change_mortality_and_shift,2020-06,https://events.bli.gov.tw/report/attachment_file/report/month/10906/11071102040.csv
2020-06,勞工保險基金,普通事故及職業災害保險,735864789240,7358.6479,735864790000,-2.64,-5.210304,23583823,13893,140408,5464400,0.0021668929,2020,1330857,1330857,12113,12113,14565,-2452.130046,,estimated_from_stock_change_mortality_and_shift,6265,6月.pdf,https://www.blf.gov.tw/media/tduek13i/勞工保險基金-109年6月.pdf?mediaDL=true,https://www.ris.gov.tw/info-popudata/app/awFastDownload/toMain_panel,https://events.bli.gov.tw/report/attachment_file/report/month/10906/11071102040.csv,https://events.bli.gov.tw/report/attachment_file/report/month/10906/11071102030.csv,8941,8941,11393,,estimated_from_stock_change_mortality_and_shift,2020-07,https://events.bli.gov.tw/report/attachment_file/report/month/10907/11071102040.csv
2020-07,勞工保險基金,普通事故及職業災害保險,760143072369,7601.4307,760143070000,1.68,2.897253,23578705,14533,140408,5464400,0.0021668929,2020,1342538,1342538,12367,12367,14819,-2452.130046,,estimated_from_stock_change_mortality_and_shift,8190,7月.pdf,https://www.blf.gov.tw/media/babdgn0m/勞工保險基金-109年7月.pdf?mediaDL=true,https://www.ris.gov.tw/info-popudata/app/awFastDownload/toMain_panel,https://events.bli.gov.tw/report/attachment_file/report/month/10907/11071102040.csv,https://events.bli.gov.tw/report/attachment_file/report/month/10907/11071102030.csv,12113,12113,14565,,estimated_from_stock_change_mortality_and_shift,2020-08,https://events.bli.gov.tw/report/attachment_file/report/month/10908/11071102040.csv
2020-08,勞工保險基金,普通事故及職業災害保險,768051872566,7680.5187,768051870000,2.97,4.487916,23574334,13301,140408,5464400,0.0021668929,2020,1354448,1354448,10444,10444,12896,-2452.130046,,estimated_from_stock_change_mortality_and_shift,6204,8月.pdf,https://www.blf.gov.tw/media/e43dy3p5/勞工保險基金-109年8月.pdf?mediaDL=true,https://www.ris.gov.tw/info-popudata/app/awFastDownload/toMain_panel,https://events.bli.gov.tw/report/attachment_file/report/month/10908/11071102040.csv,https://events.bli.gov.tw/report/attachment_file/report/month/10908/11071102030.csv,12367,12367,14819,,estimated_from_stock_change_mortality_and_shift,2020-09,https://events.bli.gov.tw/report/attachment_file/report/month/10909/11071102040.csv
2020-09,勞工保險基金,普通事故及職業災害保險,748191700271,7481.917,748191700000,1.54,2.058586,23568378,13876,140408,5464400,0.0021668929,2020,1364409,1364409,13941,13941,16394,-2452.130046,,estimated_from_stock_change_mortality_and_shift,9730,9月.pdf,https://www.blf.gov.tw/media/z2jcqlyt/勞工保險基金-109年9月.pdf?mediaDL=true,https://www.ris.gov.tw/info-popudata/app/awFastDownload/toMain_panel,https://events.bli.gov.tw/report/attachment_file/report/month/10909/11071102040.csv,https://events.bli.gov.tw/report/attachment_file/report/month/10909/11071102030.csv,10444,10444,12896,,estimated_from_stock_change_mortality_and_shift,2020-10,https://events.bli.gov.tw/report/attachment_file/report/month/10910/11071102040.csv
2020-10,勞工保險基金,普通事故及職業災害保險,734373071312,7343.7307,734373070000,0.47,0.564265,23566471,13542,140408,5464400,0.0021668929,2020,1377846,1377846,11097,11097,13549,-2452.130046,,estimated_from_stock_change_mortality_and_shift,8307,10月.pdf,https://www.blf.gov.tw/media/plvp5tr5/勞工保險基金-109年10月.pdf?mediaDL=true,https://www.ris.gov.tw/info-popudata/app/awFastDownload/toMain_panel,https://events.bli.gov.tw/report/attachment_file/report/month/10910/11071102040.csv,https://events.bli.gov.tw/report/attachment_file/report/month/10910/11071102030.csv,13941,13941,16394,,estimated_from_stock_change_mortality_and_shift,2020-11,https://events.bli.gov.tw/report/attachment_file/report/month/10911/11071102040.csv
2020-11,勞工保險基金,普通事故及職業災害保險,767659315221,7676.5932,767659320000,5.82,6.365599,23563356,14141,140408,5464400,0.0021668929,2020,1388409,1388409,9449,9449,11902,-2452.130046,,estimated_from_stock_change_mortality_and_shift,7338,11月.pdf,https://www.blf.gov.tw/media/ykqhtrpg/勞工保險基金-109年11月.pdf?mediaDL=true,https://www.ris.gov.tw/info-popudata/app/awFastDownload/toMain_panel,https://events.bli.gov.tw/report/attachment_file/report/month/10911/11071102040.csv,https://events.bli.gov.tw/report/attachment_file/report/month/10911/11071102030.csv,11097,11097,13549,,estimated_from_stock_change_mortality_and_shift,2020-12,https://events.bli.gov.tw/report/attachment_file/report/month/10912/11071102040.csv
2020-12,勞工保險基金,普通事故及職業災害保險,785079657028,7850.7966,785079660000,8.83,8.83,23561236,15208,140408,5464400,0.0021668929,2020,1397302,1397302,13627,13627,16079,-2452.130046,,estimated_from_stock_change_mortality_and_shift,7178,12月.pdf,https://www.blf.gov.tw/media/0s0pe2jw/勞工保險基金-109年12月.pdf?mediaDL=true,https://www.ris.gov.tw/info-popudata/app/awFastDownload/toMain_panel,https://events.bli.gov.tw/report/attachment_file/report/month/10912/11071102040.csv,https://events.bli.gov.tw/report/attachment_file/report/month/10912/11071102030.csv,9449,9449,11902,,estimated_from_stock_change_mortality_and_shift,2021-01,https://events.bli.gov.tw/report/attachment_file/report/month/11001/11071102040.csv
2021-01,勞工保險基金,普通事故及職業災害保險,791311634709,7913.1163,791311630000,0.87,10.954329,23548633,16332,151226,5622429,0.0022695255,2021,1410210,1410210,10763,10763,13216,-2452.130046,,estimated_from_stock_change_mortality_and_shift,7251,1月.pdf,https://www.blf.gov.tw/media/kzqb5h4o/勞工保險基金-110年1月.pdf?mediaDL=true,https://www.ris.gov.tw/info-popudata/app/awFastDownload/toMain_panel,https://events.bli.gov.tw/report/attachment_file/report/month/11001/11071102040.csv,https://events.bli.gov.tw/report/attachment_file/report/month/11001/11071102030.csv,13627,13627,16079,,estimated_from_stock_change_mortality_and_shift,2021-02,https://events.bli.gov.tw/report/attachment_file/report/month/11002/11071102040.csv
2021-02,勞工保險基金,普通事故及職業災害保險,794541838803,7945.4184,794541840000,2.09,13.213762,23539588,14856,151226,5622429,0.0022695255,2021,1420225,1420225,6995,6995,9447,-2452.130046,,estimated_from_stock_change_mortality_and_shift,3939,2月.pdf,https://www.blf.gov.tw/media/waeczexm/勞工保險基金-110年2月.pdf?mediaDL=true,https://www.ris.gov.tw/info-popudata/app/awFastDownload/toMain_panel,https://events.bli.gov.tw/report/attachment_file/report/month/11002/11071102040.csv,https://events.bli.gov.tw/report/attachment_file/report/month/11002/11071102030.csv,10763,10763,13216,,estimated_from_stock_change_mortality_and_shift,2021-03,https://events.bli.gov.tw/report/attachment_file/report/month/11003/11071102040.csv
2021-03,勞工保險基金,普通事故及職業災害保險,829741254737,8297.4125,829741250000,4.05,17.210991,23525623,16438,151226,5622429,0.0022695255,2021,1426449,1426449,10817,10817,13269,-2452.130046,,estimated_from_stock_change_mortality_and_shift,7083,3月.pdf,https://www.blf.gov.tw/media/nsokz2ya/勞工保險基金-110年3月.pdf?mediaDL=true,https://www.ris.gov.tw/info-popudata/app/awFastDownload/toMain_panel,https://events.bli.gov.tw/report/attachment_file/report/month/11003/11071102040.csv,https://events.bli.gov.tw/report/attachment_file/report/month/11003/11071102030.csv,6995,6995,9447,,estimated_from_stock_change_mortality_and_shift,2021-04,https://events.bli.gov.tw/report/attachment_file/report/month/11004/11071102040.csv
2021-04,勞工保險基金,普通事故及職業災害保險,839767228488,8397.6723,839767230000,5.97,19.000505,23514196,14276,151226,5622429,0.0022695255,2021,1436481,1436481,8701,8701,11153,-2452.130046,,estimated_from_stock_change_mortality_and_shift,6579,4月.pdf,https://www.blf.gov.tw/media/u51mztbn/勞工保險基金-110年4月.pdf?mediaDL=true,https://www.ris.gov.tw/info-popudata/app/awFastDownload/toMain_panel,https://events.bli.gov.tw/report/attachment_file/report/month/11004/11071102040.csv,https://events.bli.gov.tw/report/attachment_file/report/month/11004/11071102030.csv,10817,10817,13269,,estimated_from_stock_change_mortality_and_shift,2021-05,https://events.bli.gov.tw/report/attachment_file/report/month/11005/11071102040.csv
2021-05,勞工保險基金,普通事故及職業災害保險,839496394920,8394.9639,839496390000,5.79,14.463516,23499070,15108,151226,5622429,0.0022695255,2021,1444374,1444374,6509,6509,8961,-2452.130046,,estimated_from_stock_change_mortality_and_shift,5329,5月.pdf,https://www.blf.gov.tw/media/ujhflxtw/勞工保險基金-110年5月.pdf?mediaDL=true,https://www.ris.gov.tw/info-popudata/app/awFastDownload/toMain_panel,https://events.bli.gov.tw/report/attachment_file/report/month/11005/11071102040.csv,https://events.bli.gov.tw/report/attachment_file/report/month/11005/11071102030.csv,8701,8701,11153,,estimated_from_stock_change_mortality_and_shift,2021-06,https://events.bli.gov.tw/report/attachment_file/report/month/11006/11071102040.csv
2021-06,勞工保險基金,普通事故及職業災害保險,845716386645,8457.1639,845716390000,6.62,13.678244,23487509,16639,151226,5622429,0.0022695255,2021,1450057,1450057,7908,7908,10360,-2452.130046,,estimated_from_stock_change_mortality_and_shift,3957,6月.pdf,https://www.blf.gov.tw/media/1apfkkgq/勞工保險基金-110年6月.pdf?mediaDL=true,https://www.ris.gov.tw/info-popudata/app/awFastDownload/toMain_panel,https://events.bli.gov.tw/report/attachment_file/report/month/11006/11071102040.csv,https://events.bli.gov.tw/report/attachment_file/report/month/11006/11071102030.csv,6509,6509,8961,,estimated_from_stock_change_mortality_and_shift,2021-07,https://events.bli.gov.tw/report/attachment_file/report/month/11007/11071102040.csv
2021-07,勞工保險基金,普通事故及職業災害保險,844894844420,8448.9484,844894840000,7.25,12.748211,23470633,15523,151226,5622429,0.0022695255,2021,1457126,1457126,9153,9153,11605,-2452.130046,,estimated_from_stock_change_mortality_and_shift,6396,7月.pdf,https://www.blf.gov.tw/media/m53jq0dn/勞工保險基金-110年7月.pdf?mediaDL=true,https://www.ris.gov.tw/info-popudata/app/awFastDownload/toMain_panel,https://events.bli.gov.tw/report/attachment_file/report/month/11007/11071102040.csv,https://events.bli.gov.tw/report/attachment_file/report/month/11007/11071102030.csv,7908,7908,10360,,estimated_from_stock_change_mortality_and_shift,2021-08,https://events.bli.gov.tw/report/attachment_file/report/month/11008/11071102040.csv
2021-08,勞工保險基金,普通事故及職業災害保險,849553374075,8495.5337,849553370000,8.59,13.157866,23451837,14952,151226,5622429,0.0022695255,2021,1465424,1465424,7939,7939,10391,-2452.130046,,estimated_from_stock_change_mortality_and_shift,6279,8月.pdf,https://www.blf.gov.tw/media/3v3p1twp/勞工保險基金-110年8月.pdf?mediaDL=true,https://www.ris.gov.tw/info-popudata/app/awFastDownload/toMain_panel,https://events.bli.gov.tw/report/attachment_file/report/month/11008/11071102040.csv,https://events.bli.gov.tw/report/attachment_file/report/month/11008/11071102030.csv,9153,9153,11605,,estimated_from_stock_change_mortality_and_shift,2021-09,https://events.bli.gov.tw/report/attachment_file/report/month/11009/11071102040.csv
2021-09,勞工保險基金,普通事故及職業災害保險,829877137658,8298.7714,829877140000,6.06,8.160536,23430948,13894,151226,5622429,0.0022695255,2021,1472489,1472489,8401,8401,10853,-2452.130046,,estimated_from_stock_change_mortality_and_shift,5587,9月.pdf,https://www.blf.gov.tw/media/nnsh54zx/勞工保險基金-110年9月.pdf?mediaDL=true,https://www.ris.gov.tw/info-popudata/app/awFastDownload/toMain_panel,https://events.bli.gov.tw/report/attachment_file/report/month/11009/11071102040.csv,https://events.bli.gov.tw/report/attachment_file/report/month/11009/11071102030.csv,7939,7939,10391,,estimated_from_stock_change_mortality_and_shift,2021-10,https://events.bli.gov.tw/report/attachment_file/report/month/11010/11071102040.csv
2021-10,勞工保險基金,普通事故及職業災害保險,839395353408,8393.9535,839395350000,7.83,9.468086,23413879,14415,151226,5622429,0.0022695255,2021,1480000,1480000,7414,7414,9866,-2452.130046,,estimated_from_stock_change_mortality_and_shift,5822,10月.pdf,https://www.blf.gov.tw/media/fgpowdmf/勞工保險基金-110年10月.pdf?mediaDL=true,https://www.ris.gov.tw/info-popudata/app/awFastDownload/toMain_panel,https://events.bli.gov.tw/report/attachment_file/report/month/11010/11071102040.csv,https://events.bli.gov.tw/report/attachment_file/report/month/11010/11071102030.csv,8401,8401,10853,,estimated_from_stock_change_mortality_and_shift,2021-11,https://events.bli.gov.tw/report/attachment_file/report/month/11011/11071102040.csv
2021-11,勞工保險基金,普通事故及職業災害保險,831178387177,8311.7839,831178390000,7.09,7.758954,23394787,15560,151226,5622429,0.0022695255,2021,1486507,1486507,7065,7065,9517,-2452.130046,,estimated_from_stock_change_mortality_and_shift,5377,11月.pdf,https://www.blf.gov.tw/media/zixdztbi/勞工保險基金-110年11月.pdf?mediaDL=true,https://www.ris.gov.tw/info-popudata/app/awFastDownload/toMain_panel,https://events.bli.gov.tw/report/attachment_file/report/month/11011/11071102040.csv,https://events.bli.gov.tw/report/attachment_file/report/month/11011/11071102030.csv,7414,7414,9866,,estimated_from_stock_change_mortality_and_shift,2021-12,https://events.bli.gov.tw/report/attachment_file/report/month/11012/11071102040.csv
2021-12,勞工保險基金,普通事故及職業災害保險,844694595842,8446.946,844694600000,9.71,9.71,23375314,15739,151226,5622429,0.0022695255,2021,1492650,1492650,10839,10839,13291,-2452.130046,,estimated_from_stock_change_mortality_and_shift,5490,12月.pdf,https://www.blf.gov.tw/media/lrgneqhb/勞工保險基金-110年12月.pdf?mediaDL=true,https://www.ris.gov.tw/info-popudata/app/awFastDownload/toMain_panel,https://events.bli.gov.tw/report/attachment_file/report/month/11012/11071102040.csv,https://events.bli.gov.tw/report/attachment_file/report/month/11012/11071102030.csv,7065,7065,9517,,estimated_from_stock_change_mortality_and_shift,2022-01,https://events.bli.gov.tw/report/attachment_file/report/month/11101/11071102040.csv
2022-01,勞工保險基金,普通事故及職業災害保險,835536746702,8355.3675,835536750000,-1.97,-21.239579,23349666,15954,173757,5801373,0.0025308509,2022,1502163,1502163,11136,11136,13588,-2452.130046,,estimated_from_stock_change_mortality_and_shift,6421,1月.pdf,https://www.blf.gov.tw/media/rysbrshr/勞工保險基金-111年1月.pdf?mediaDL=true,https://www.ris.gov.tw/info-popudata/app/awFastDownload/toMain_panel,https://events.bli.gov.tw/report/attachment_file/report/month/11101/11071102040.csv,https://events.bli.gov.tw/report/attachment_file/report/month/11101/11071102030.csv,10839,10839,13291,,estimated_from_stock_change_mortality_and_shift,2022-02,https://events.bli.gov.tw/report/attachment_file/report/month/11102/11071102040.csv
2022-02,勞工保險基金,普通事故及職業災害保險,852732314763,8527.3231,852732310000,-3.16,-17.523792,23319776,14887,173757,5801373,0.0025308509,2022,1511949,1511949,8212,8212,10665,-2452.130046,,estimated_from_stock_change_mortality_and_shift,3517,2月.pdf,https://www.blf.gov.tw/media/55ejv1er/勞工保險基金-111年2月.pdf?mediaDL=true,https://www.ris.gov.tw/info-popudata/app/awFastDownload/toMain_panel,https://events.bli.gov.tw/report/attachment_file/report/month/11102/11071102040.csv,https://events.bli.gov.tw/report/attachment_file/report/month/11102/11071102030.csv,11136,11136,13588,,estimated_from_stock_change_mortality_and_shift,2022-03,https://events.bli.gov.tw/report/attachment_file/report/month/11103/11071102040.csv
2022-03,勞工保險基金,普通事故及職業災害保險,864785258321,8647.8526,864785260000,-1.21,-4.75286,23268991,18239,173757,5801373,0.0025308509,2022,1518787,1518787,11615,11615,14067,-2452.130046,,estimated_from_stock_change_mortality_and_shift,6478,3月.pdf,https://www.blf.gov.tw/media/dzal30yz/勞工保險基金-111年3月.pdf?mediaDL=true,https://www.ris.gov.tw/info-popudata/app/awFastDownload/toMain_panel,https://events.bli.gov.tw/report/attachment_file/report/month/11103/11071102040.csv,https://events.bli.gov.tw/report/attachment_file/report/month/11103/11071102030.csv,8212,8212,10665,,estimated_from_stock_change_mortality_and_shift,2022-04,https://events.bli.gov.tw/report/attachment_file/report/month/11104/11071102040.csv
2022-04,勞工保險基金,普通事故及職業災害保險,840410499973,8404.105,840410500000,-4.11,-11.83018,23215015,14655,173757,5801373,0.0025308509,2022,1529010,1529010,9890,9483,11935,-2452.130046,9890,reported_first_payment,5255,4月.pdf,https://www.blf.gov.tw/media/squj4itq/勞工保險基金-111年4月.pdf?mediaDL=true,https://www.ris.gov.tw/info-popudata/app/awFastDownload/toMain_panel,https://events.bli.gov.tw/report/attachment_file/report/month/11104/11071102040.csv,https://events.bli.gov.tw/report/attachment_file/report/month/11104/11071102030.csv,11615,11615,14067,,estimated_from_stock_change_mortality_and_shift,2022-05,https://events.bli.gov.tw/report/attachment_file/report/month/11105/11071102040.csv
2022-05,勞工保險基金,普通事故保險（職災保險已分立）,808228872670,8082.2887,808228870000,-4.89,-11.336915,23196178,17409,173757,5801373,0.0025308509,2022,1537075,1537075,8348,8671,11123,-2452.130046,8348,reported_first_payment,4999,5月.pdf,https://www.blf.gov.tw/media/g3pd1tna/勞工保險基金-111年5月.pdf?mediaDL=true,https://www.ris.gov.tw/info-popudata/app/awFastDownload/toMain_panel,https://events.bli.gov.tw/report/attachment_file/report/month/11105/11071102040.csv,https://events.bli.gov.tw/report/attachment_file/report/month/11105/11071102030.csv,9890,9483,11935,9890,reported_first_payment,2022-06,https://events.bli.gov.tw/report/attachment_file/report/month/11106/11071102040.csv
2022-06,勞工保險基金,普通事故保險（職災保險已分立）,772006360121,7720.0636,772006360000,-9.13,-17.426431,23186278,21033,173757,5801373,0.0025308509,2022,1544308,1544308,11701,11750,14202,-2452.130046,11701,reported_first_payment,4271,6月.pdf,https://www.blf.gov.tw/media/wdopamcc/勞工保險基金-111年6月.pdf?mediaDL=true,https://www.ris.gov.tw/info-popudata/app/awFastDownload/toMain_panel,https://events.bli.gov.tw/report/attachment_file/report/month/11106/11071102040.csv,https://events.bli.gov.tw/report/attachment_file/report/month/11106/11071102030.csv,8348,8671,11123,8348,reported_first_payment,2022-07,https://events.bli.gov.tw/report/attachment_file/report/month/11107/11071102040.csv
2022-07,勞工保險基金,普通事故保險（職災保險已分立）,789832618238,7898.3262,789832620000,-5.75,-9.65359,23190064,18215,173757,5801373,0.0025308509,2022,1554602,1554602,10711,10703,13155,-2452.130046,10711,reported_first_payment,6408,7月.pdf,https://www.blf.gov.tw/media/kobdmplv/勞工保險基金-111年7月.pdf?mediaDL=true,https://www.ris.gov.tw/info-popudata/app/awFastDownload/toMain_panel,https://events.bli.gov.tw/report/attachment_file/report/month/11107/11071102040.csv,https://events.bli.gov.tw/report/attachment_file/report/month/11107/11071102030.csv,11701,11750,14202,11701,reported_first_payment,2022-08,https://events.bli.gov.tw/report/attachment_file/report/month/11108/11071102040.csv
2022-08,勞工保險基金,普通事故保險（職災保險已分立）,782545249628,7825.4525,782545250000,-6.49,-9.575298,23194554,17830,173757,5801373,0.0025308509,2022,1563823,1563823,9733,9996,12448,-2452.130046,9733,reported_first_payment,5662,8月.pdf,https://www.blf.gov.tw/media/w3xdxc1y/勞工保險基金-111年8月.pdf?mediaDL=true,https://www.ris.gov.tw/info-popudata/app/awFastDownload/toMain_panel,https://events.bli.gov.tw/report/attachment_file/report/month/11108/11071102040.csv,https://events.bli.gov.tw/report/attachment_file/report/month/11108/11071102030.csv,10711,10703,13155,10711,reported_first_payment,2022-09,https://events.bli.gov.tw/report/attachment_file/report/month/11109/11071102040.csv
2022-09,勞工保險基金,普通事故保險（職災保險已分立）,746743146717,7467.4315,746743150000,-10.48,-13.723319,23198133,16505,173757,5801373,0.0025308509,2022,1572313,1572313,9831,10353,12805,-2452.130046,9831,reported_first_payment,4870,9月.pdf,https://www.blf.gov.tw/media/kusddged/勞工保險基金-111年9月.pdf?mediaDL=true,https://www.ris.gov.tw/info-popudata/app/awFastDownload/toMain_panel,https://events.bli.gov.tw/report/attachment_file/report/month/11109/11071102040.csv,https://events.bli.gov.tw/report/attachment_file/report/month/11109/11071102030.csv,9733,9996,12448,9733,reported_first_payment,2022-10,https://events.bli.gov.tw/report/attachment_file/report/month/11110/11071102040.csv
2022-10,勞工保險基金,普通事故保險（職災保險已分立）,754411284978,7544.1128,754411280000,-9.05,-10.759243,23212056,17099,173757,5801373,0.0025308509,2022,1581139,1581139,9243,9907,12360,-2452.130046,9243,reported_first_payment,4869,10月.pdf,https://www.blf.gov.tw/media/2c3ixpql/勞工保險基金-111年10月.pdf?mediaDL=true,https://www.ris.gov.tw/info-popudata/app/awFastDownload/toMain_panel,https://events.bli.gov.tw/report/attachment_file/report/month/11110/11071102040.csv,https://events.bli.gov.tw/report/attachment_file/report/month/11110/11071102030.csv,9831,10353,12805,9831,reported_first_payment,2022-11,https://events.bli.gov.tw/report/attachment_file/report/month/11111/11071102040.csv
2022-11,勞工保險基金,普通事故保險（職災保險已分立）,780855670977,7808.5567,780855670000,-5.05,-5.496247,23233593,17719,173757,5801373,0.0025308509,2022,1589497,1589497,9155,9636,12088,-2452.130046,9155,reported_first_payment,4998,11月.pdf,https://www.blf.gov.tw/media/s1wigusx/勞工保險基金-111年11月.pdf?mediaDL=true,https://www.ris.gov.tw/info-popudata/app/awFastDownload/toMain_panel,https://events.bli.gov.tw/report/attachment_file/report/month/11111/11071102040.csv,https://events.bli.gov.tw/report/attachment_file/report/month/11111/11071102030.csv,9243,9907,12360,9243,reported_first_payment,2022-12,https://events.bli.gov.tw/report/attachment_file/report/month/11112/11071102040.csv
2022-12,勞工保險基金,普通事故保險（職災保險已分立）,753404154130,7534.0415,753404150000,-7.45,-7.45,23264640,17685,173757,5801373,0.0025308509,2022,1597562,1597562,12746,12939,15391,-2452.130046,12746,reported_first_payment,5040,12月.pdf,https://www.blf.gov.tw/media/lhydqb21/勞工保險基金-111年12月.pdf?mediaDL=true,https://www.ris.gov.tw/info-popudata/app/awFastDownload/toMain_panel,https://events.bli.gov.tw/report/attachment_file/report/month/11112/11071102040.csv,https://events.bli.gov.tw/report/attachment_file/report/month/11112/11071102030.csv,9155,9636,12088,9155,reported_first_payment,2023-01,https://events.bli.gov.tw/report/attachment_file/report/month/11201/11071102040.csv
2023-01,勞工保險基金,普通事故保險（職災保險已分立）,782373085116,7823.7309,782373090000,3.57,52.337812,23301968,17770,171174,6051706,0.0023882255,2023,1609138,1609138,12082,12381,14833,-2452.130046,12082,reported_first_payment,4228,1月.pdf,https://www.blf.gov.tw/media/cf1m0bsy/勞工保險基金-112年1月.pdf?mediaDL=true,https://www.ris.gov.tw/info-popudata/app/awFastDownload/toMain_panel,https://events.bli.gov.tw/report/attachment_file/report/month/11201/11071102040.csv,https://events.bli.gov.tw/report/attachment_file/report/month/11201/11071102030.csv,12746,12939,15391,12746,reported_first_payment,2023-02,https://events.bli.gov.tw/report/attachment_file/report/month/11202/11071102040.csv
2023-02,勞工保險基金,普通事故保險（職災保險已分立）,814558368190,8145.5837,814558370000,2.91,18.780588,23313550,18506,171174,6051706,0.0023882255,2023,1620128,1620128,12478,12786,15238,-2452.130046,12478,reported_first_payment,5047,2月.pdf,https://www.blf.gov.tw/media/5kia452j/勞工保險基金-112年2月.pdf?mediaDL=true,https://www.ris.gov.tw/info-popudata/app/awFastDownload/toMain_panel,https://events.bli.gov.tw/report/attachment_file/report/month/11202/11071102040.csv,https://events.bli.gov.tw/report/attachment_file/report/month/11202/11071102030.csv,12082,12381,14833,12082,reported_first_payment,2023-03,https://events.bli.gov.tw/report/attachment_file/report/month/11203/11071102040.csv
2023-03,勞工保險基金,普通事故保險（職災保險已分立）,828076490440,8280.7649,828076490000,4.95,21.319265,23332929,20572,171174,6051706,0.0023882255,2023,1631497,1631497,15826,16019,18471,-2452.130046,15826,reported_first_payment,6663,3月.pdf,https://www.blf.gov.tw/media/105lexxg/勞工保險基金-112年3月.pdf?mediaDL=true,https://www.ris.gov.tw/info-popudata/app/awFastDownload/toMain_panel,https://events.bli.gov.tw/report/attachment_file/report/month/11203/11071102040.csv,https://events.bli.gov.tw/report/attachment_file/report/month/11203/11071102030.csv,12478,12786,15238,12478,reported_first_payment,2023-04,https://events.bli.gov.tw/report/attachment_file/report/month/11204/11071102040.csv
2023-04,勞工保險基金,普通事故保險（職災保險已分立）,841123997107,8411.24,841124000000,5.83,18.529483,23347374,15572,171174,6051706,0.0023882255,2023,1646072,1646072,12525,12631,15083,-2452.130046,12525,reported_first_payment,5464,4月.pdf,https://www.blf.gov.tw/media/cpcnlwi3/勞工保險基金-112年4月.pdf?mediaDL=true,https://www.ris.gov.tw/info-popudata/app/awFastDownload/toMain_panel,https://events.bli.gov.tw/report/attachment_file/report/month/11204/11071102040.csv,https://events.bli.gov.tw/report/attachment_file/report/month/11204/11071102030.csv,15826,16019,18471,15826,reported_first_payment,2023-05,https://events.bli.gov.tw/report/attachment_file/report/month/11205/11071102040.csv
2023-05,勞工保險基金,普通事故保險（職災保險已分立）,843693617178,8436.9362,843693620000,6.6,16.578185,23361084,17530,171174,6051706,0.0023882255,2023,1657224,1657224,13000,13229,15681,-2452.130046,13000,reported_first_payment,6085,5月.pdf,https://www.blf.gov.tw/media/eplih3oz/勞工保險基金-112年5月.pdf?mediaDL=true,https://www.ris.gov.tw/info-popudata/app/awFastDownload/toMain_panel,https://events.bli.gov.tw/report/attachment_file/report/month/11205/11071102040.csv,https://events.bli.gov.tw/report/attachment_file/report/month/11205/11071102030.csv,12525,12631,15083,12525,reported_first_payment,2023-06,https://events.bli.gov.tw/report/attachment_file/report/month/11206/11071102040.csv
2023-06,勞工保險基金,普通事故保險（職災保險已分立）,863107262702,8631.0726,863107260000,10.01,21.022001,23373283,17415,171174,6051706,0.0023882255,2023,1668947,1668947,15418,15420,17872,-2452.130046,15418,reported_first_payment,5543,6月.pdf,https://www.blf.gov.tw/media/rtmciyqc/勞工保險基金-112年6月.pdf?mediaDL=true,https://www.ris.gov.tw/info-popudata/app/awFastDownload/toMain_panel,https://events.bli.gov.tw/report/attachment_file/report/month/11206/11071102040.csv,https://events.bli.gov.tw/report/attachment_file/report/month/11206/11071102030.csv,13000,13229,15681,13000,reported_first_payment,2023-07,https://events.bli.gov.tw/report/attachment_file/report/month/11207/11071102040.csv
2023-07,勞工保險基金,普通事故保險（職災保險已分立）,878286920825,8782.8692,878286920000,12.61,22.579443,23392423,17992,171174,6051706,0.0023882255,2023,1682833,1682833,14394,14359,16811,-2452.130046,14394,reported_first_payment,6738,7月.pdf,https://www.blf.gov.tw/media/4gofkhy5/勞工保險基金-112年7月.pdf?mediaDL=true,https://www.ris.gov.tw/info-popudata/app/awFastDownload/toMain_panel,https://events.bli.gov.tw/report/attachment_file/report/month/11207/11071102040.csv,https://events.bli.gov.tw/report/attachment_file/report/month/11207/11071102030.csv,15418,15420,17872,15418,reported_first_payment,2023-08,https://events.bli.gov.tw/report/attachment_file/report/month/11208/11071102040.csv
2023-08,勞工保險基金,普通事故保險（職災保險已分立）,867025245550,8670.2525,867025250000,11.62,17.926939,23399654,17139,171174,6051706,0.0023882255,2023,1695625,1695625,13315,13286,15739,-2452.130046,13315,reported_first_payment,5877,8月.pdf,https://www.blf.gov.tw/media/3j3flpey/勞工保險基金-112年8月.pdf?mediaDL=true,https://www.ris.gov.tw/info-popudata/app/awFastDownload/toMain_panel,https://events.bli.gov.tw/report/attachment_file/report/month/11208/11071102040.csv,https://events.bli.gov.tw/report/attachment_file/report/month/11208/11071102030.csv,14394,14359,16811,14394,reported_first_payment,2023-09,https://events.bli.gov.tw/report/attachment_file/report/month/11209/11071102040.csv
2023-09,勞工保險基金,普通事故保險（職災保險已分立）,849816898985,8498.169,849816900000,9.8,13.275621,23404300,14610,171174,6051706,0.0023882255,2023,1707314,1707314,13191,13420,15872,-2452.130046,13191,reported_first_payment,5319,9月.pdf,https://www.blf.gov.tw/media/tfgoplfb/勞工保險基金-112年9月.pdf?mediaDL=true,https://www.ris.gov.tw/info-popudata/app/awFastDownload/toMain_panel,https://events.bli.gov.tw/report/attachment_file/report/month/11209/11071102040.csv,https://events.bli.gov.tw/report/attachment_file/report/month/11209/11071102030.csv,13315,13286,15739,13315,reported_first_payment,2023-10,https://events.bli.gov.tw/report/attachment_file/report/month/11210/11071102040.csv
2023-10,勞工保險基金,普通事故保險（職災保險已分立）,836897875024,8368.9788,836897880000,8.56,10.357995,23411858,16594,171174,6051706,0.0023882255,2023,1719109,1719109,13364,13575,16028,-2452.130046,13364,reported_first_payment,4855,10月.pdf,https://www.blf.gov.tw/media/hi2p3fdy/勞工保險基金-112年10月.pdf?mediaDL=true,https://www.ris.gov.tw/info-popudata/app/awFastDownload/toMain_panel,https://events.bli.gov.tw/report/attachment_file/report/month/11210/11071102040.csv,https://events.bli.gov.tw/report/attachment_file/report/month/11210/11071102030.csv,13191,13420,15872,13191,reported_first_payment,2023-11,https://events.bli.gov.tw/report/attachment_file/report/month/11211/11071102040.csv
2023-11,勞工保險基金,普通事故保險（職災保險已分立）,860073502683,8600.735,860073500000,12.31,13.501584,23415008,15965,171174,6051706,0.0023882255,2023,1731031,1731031,12575,12744,15196,-2452.130046,12575,reported_first_payment,4873,11月.pdf,https://www.blf.gov.tw/media/djzfect4/勞工保險基金-112年11月.pdf?mediaDL=true,https://www.ris.gov.tw/info-popudata/app/awFastDownload/toMain_panel,https://events.bli.gov.tw/report/attachment_file/report/month/11211/11071102040.csv,https://events.bli.gov.tw/report/attachment_file/report/month/11211/11071102030.csv,13364,13575,16028,13364,reported_first_payment,2023-12,https://events.bli.gov.tw/report/attachment_file/report/month/11212/11071102040.csv
2023-12,勞工保險基金,普通事故保險（職災保險已分立）,872890842266,8728.9084,872890840000,14.44,14.44,23420442,15703,171174,6051706,0.0023882255,2023,1742093,1742093,16266,16150,18602,-2452.130046,16266,reported_first_payment,4537,12月.pdf,https://www.blf.gov.tw/media/mg2nvgxp/勞工保險基金-112年12月.pdf?mediaDL=true,https://www.ris.gov.tw/info-popudata/app/awFastDownload/toMain_panel,https://events.bli.gov.tw/report/attachment_file/report/month/11212/11071102040.csv,https://events.bli.gov.tw/report/attachment_file/report/month/11212/11071102030.csv,12575,12744,15196,12575,reported_first_payment,2024-01,https://events.bli.gov.tw/report/attachment_file/report/month/11301/11071102040.csv
2024-01,勞工保險基金,普通事故保險（職災保險已分立）,908845583036,9088.4558,908845580000,1.15,14.707191,23419833,19464,167952,6254204,0.0022658807,2024,1756748,1756748,14522,14431,16884,-2452.130046,14522,reported_first_payment,6178,1月.pdf,https://www.blf.gov.tw/media/bw2nrx2q/勞工保險基金-113年1月.pdf?mediaDL=true,https://www.ris.gov.tw/info-popudata/app/awFastDownload/toMain_panel,https://events.bli.gov.tw/report/attachment_file/report/month/11301/11071102040.csv,https://events.bli.gov.tw/report/attachment_file/report/month/11301/11071102030.csv,16266,16150,18602,16266,reported_first_payment,2024-02,https://events.bli.gov.tw/report/attachment_file/report/month/11302/11071102040.csv
2024-02,勞工保險基金,普通事故保險（職災保險已分立）,958051029169,9580.5103,958051030000,4.11,27.337019,23418053,17462,167952,6254204,0.0022658807,2024,1769651,1769651,10268,9995,12447,-2452.130046,10268,reported_first_payment,3061,2月.pdf,https://www.blf.gov.tw/media/4ayn3bwm/勞工保險基金-113年2月.pdf?mediaDL=true,https://www.ris.gov.tw/info-popudata/app/awFastDownload/toMain_panel,https://events.bli.gov.tw/report/attachment_file/report/month/11302/11071102040.csv,https://events.bli.gov.tw/report/attachment_file/report/month/11302/11071102030.csv,14522,14431,16884,14522,reported_first_payment,2024-03,https://events.bli.gov.tw/report/attachment_file/report/month/11303/11071102040.csv
2024-03,勞工保險基金,普通事故保險（職災保險已分立）,994061327888,9940.6133,994061330000,8.59,39.046267,23416375,17566,167952,6254204,0.0022658807,2024,1778088,1778088,14281,14128,16580,-2452.130046,14281,reported_first_payment,5250,3月.pdf,https://www.blf.gov.tw/media/0rwp0xpf/勞工保險基金-113年3月.pdf?mediaDL=true,https://www.ris.gov.tw/info-popudata/app/awFastDownload/toMain_panel,https://events.bli.gov.tw/report/attachment_file/report/month/11303/11071102040.csv,https://events.bli.gov.tw/report/attachment_file/report/month/11303/11071102030.csv,10268,9995,12447,10268,reported_first_payment,2024-04,https://events.bli.gov.tw/report/attachment_file/report/month/11304/11071102040.csv
2024-04,勞工保險基金,普通事故保險（職災保險已分立）,980973599871,9809.736,980973600000,7.71,24.959154,23415100,16654,167952,6254204,0.0022658807,2024,1790639,1790639,11484,11310,13762,-2452.130046,11484,reported_first_payment,5163,4月.pdf,https://www.blf.gov.tw/media/wwfhvpvi/勞工保險基金-113年4月.pdf?mediaDL=true,https://www.ris.gov.tw/info-popudata/app/awFastDownload/toMain_panel,https://events.bli.gov.tw/report/attachment_file/report/month/11304/11071102040.csv,https://events.bli.gov.tw/report/attachment_file/report/month/11304/11071102030.csv,14281,14128,16580,14281,reported_first_payment,2024-05,https://events.bli.gov.tw/report/attachment_file/report/month/11305/11071102040.csv
2024-05,勞工保險基金,普通事故保險（職災保險已分立）,998964431011,9989.6443,998964430000,10.39,26.774341,23413608,16416,167952,6254204,0.0022658807,2024,1800344,1800344,11879,11887,14339,-2452.130046,11879,reported_first_payment,5590,5月.pdf,https://www.blf.gov.tw/media/3jsi54cy/勞工保險基金-113年5月.pdf?mediaDL=true,https://www.ris.gov.tw/info-popudata/app/awFastDownload/toMain_panel,https://events.bli.gov.tw/report/attachment_file/report/month/11305/11071102040.csv,https://events.bli.gov.tw/report/attachment_file/report/month/11305/11071102030.csv,11484,11310,13762,11484,reported_first_payment,2024-06,https://events.bli.gov.tw/report/attachment_file/report/month/11306/11071102040.csv
2024-06,勞工保險基金,普通事故保險（職災保險已分立）,1095260372756,10952.6037,1095260370000,14.06,30.096836,23412899,14922,167952,6254204,0.0022658807,2024,1810604,1810604,13365,13238,15691,-2452.130046,13365,reported_first_payment,4616,6月.pdf,https://www.blf.gov.tw/media/eiwnq0yz/勞工保險基金-113年6月.pdf?mediaDL=true,https://www.ris.gov.tw/info-popudata/app/awFastDownload/toMain_panel,https://events.bli.gov.tw/report/attachment_file/report/month/11306/11071102040.csv,https://events.bli.gov.tw/report/attachment_file/report/month/11306/11071102030.csv,11879,11887,14339,11879,reported_first_payment,2024-07,https://events.bli.gov.tw/report/attachment_file/report/month/11307/11071102040.csv
2024-07,勞工保險基金,普通事故保險（職災保險已分立）,1100236281207,11002.3628,1100236280000,15.37,27.774726,23409323,18702,167952,6254204,0.0022658807,2024,1822192,1822192,13007,12912,15364,-2452.130046,13007,reported_first_payment,5824,7月.pdf,https://www.blf.gov.tw/media/xbgpwhti/勞工保險基金-113年7月.pdf?mediaDL=true,https://www.ris.gov.tw/info-popudata/app/awFastDownload/toMain_panel,https://events.bli.gov.tw/report/attachment_file/report/month/11307/11071102040.csv,https://events.bli.gov.tw/report/attachment_file/report/month/11307/11071102030.csv,13365,13238,15691,13365,reported_first_payment,2024-08,https://events.bli.gov.tw/report/attachment_file/report/month/11308/11071102040.csv
2024-08,勞工保險基金,普通事故保險（職災保險已分立）,1094921113199,10949.2111,1094921110000,15.41,23.983862,23406608,16830,167952,6254204,0.0022658807,2024,1833427,1833427,11604,11452,13904,-2452.130046,11604,reported_first_payment,5623,8月.pdf,https://www.blf.gov.tw/media/fozpva53/勞工保險基金-113年8月.pdf?mediaDL=true,https://www.ris.gov.tw/info-popudata/app/awFastDownload/toMain_panel,https://events.bli.gov.tw/report/attachment_file/report/month/11308/11071102040.csv,https://events.bli.gov.tw/report/attachment_file/report/month/11308/11071102030.csv,13007,12912,15364,13007,reported_first_payment,2024-09,https://events.bli.gov.tw/report/attachment_file/report/month/11309/11071102040.csv
2024-09,勞工保險基金,普通事故保險（職災保險已分立）,1095620774044,10956.2077,1095620770000,16.09,22.009341,23404138,15563,167952,6254204,0.0022658807,2024,1843177,1843177,11283,11177,13629,-2452.130046,11283,reported_first_payment,4698,9月.pdf,https://www.blf.gov.tw/media/gehkjayf/勞工保險基金-113年9月.pdf?mediaDL=true,https://www.ris.gov.tw/info-popudata/app/awFastDownload/toMain_panel,https://events.bli.gov.tw/report/attachment_file/report/month/11309/11071102040.csv,https://events.bli.gov.tw/report/attachment_file/report/month/11309/11071102030.csv,11604,11452,13904,11604,reported_first_payment,2024-10,https://events.bli.gov.tw/report/attachment_file/report/month/11310/11071102040.csv
2024-10,勞工保險基金,普通事故保險（職災保險已分立）,1095619750172,10956.1975,1095619750000,16.64,20.286535,23402804,15451,167952,6254204,0.0022658807,2024,1852630,1852630,11261,11256,13708,-2452.130046,11261,reported_first_payment,4507,10月.pdf,https://www.blf.gov.tw/media/bxvijoxk/勞工保險基金-113年10月.pdf?mediaDL=true,https://www.ris.gov.tw/info-popudata/app/awFastDownload/toMain_panel,https://events.bli.gov.tw/report/attachment_file/report/month/11310/11071102040.csv,https://events.bli.gov.tw/report/attachment_file/report/month/11310/11071102030.csv,11283,11177,13629,11283,reported_first_payment,2024-11,https://events.bli.gov.tw/report/attachment_file/report/month/11311/11071102040.csv
2024-11,勞工保險基金,普通事故保險（職災保險已分立）,1100232523721,11002.3252,1100232520000,17.77,19.534253,23402795,15632,167952,6254204,0.0022658807,2024,1862140,1862140,10633,10549,13001,-2452.130046,10633,reported_first_payment,4557,11月.pdf,https://www.blf.gov.tw/media/0ckbtlaq/勞工保險基金-113年11月.pdf?mediaDL=true,https://www.ris.gov.tw/info-popudata/app/awFastDownload/toMain_panel,https://events.bli.gov.tw/report/attachment_file/report/month/11311/11071102040.csv,https://events.bli.gov.tw/report/attachment_file/report/month/11311/11071102030.csv,11261,11256,13708,11261,reported_first_payment,2024-12,https://events.bli.gov.tw/report/attachment_file/report/month/11312/11071102040.csv
2024-12,勞工保險基金,普通事故保險（職災保險已分立）,1091910014808,10919.1001,1091910010000,18.13,18.13,23400220,17445,167952,6254204,0.0022658807,2024,1870922,1870922,13521,13419,15871,-2452.130046,13521,reported_first_payment,4606,12月.pdf,https://www.blf.gov.tw/media/44qfkm0w/勞工保險基金-113年12月.pdf?mediaDL=true,https://www.ris.gov.tw/info-popudata/app/awFastDownload/toMain_panel,https://events.bli.gov.tw/report/attachment_file/report/month/11312/11071102040.csv,https://events.bli.gov.tw/report/attachment_file/report/month/11312/11071102030.csv,10633,10549,13001,10633,reported_first_payment,2025-01,https://events.bli.gov.tw/report/attachment_file/report/month/11401/11071102040.csv
2025-01,勞工保險基金,普通事故保險（職災保險已分立）,1145411583590,11454.1158,1145411580000,1.94,25.931841,23396049,15018,167256,6437436,0.0021913673,2025,1882693,1882693,12838,12434,14886,-2452.130046,12838,reported_first_payment,4297,1月.pdf,https://www.blf.gov.tw/media/13ddikza/勞工保險基金-114年1月.pdf?mediaDL=true,https://www.ris.gov.tw/info-popudata/app/awFastDownload/toMain_panel,https://events.bli.gov.tw/report/attachment_file/report/month/11401/11071102040.csv,https://events.bli.gov.tw/report/attachment_file/report/month/11401/11071102030.csv,13521,13419,15871,13521,reported_first_payment,2025-02,https://events.bli.gov.tw/report/attachment_file/report/month/11402/11071102040.csv
2025-02,勞工保險基金,普通事故保險（職災保險已分立）,1158572377369,11585.7238,1158572380000,18.13,171.744788,23384614,21888,167256,6437436,0.0021913673,2025,1893453,1893453,14240,13856,16308,-2452.130046,14240,reported_first_payment,4269,2月.pdf,https://www.blf.gov.tw/media/uqwh44mj/勞工保險基金-114年2月.pdf?mediaDL=true,https://www.ris.gov.tw/info-popudata/app/awFastDownload/toMain_panel,https://events.bli.gov.tw/report/attachment_file/report/month/11402/11071102040.csv,https://events.bli.gov.tw/report/attachment_file/report/month/11402/11071102030.csv,12838,12434,14886,12838,reported_first_payment,2025-03,https://events.bli.gov.tw/report/attachment_file/report/month/11403/11071102040.csv
2025-03,勞工保險基金,普通事故保險（職災保險已分立）,1125479846491,11254.7985,1125479850000,18.13,94.733566,23374742,18633,167256,6437436,0.0021913673,2025,1905612,1905612,15188,14870,17322,-2452.130046,15188,reported_first_payment,5311,3月.pdf,https://www.blf.gov.tw/media/1ctm421p/勞工保險基金-114年3月.pdf?mediaDL=true,https://www.ris.gov.tw/info-popudata/app/awFastDownload/toMain_panel,https://events.bli.gov.tw/report/attachment_file/report/month/11403/11071102040.csv,https://events.bli.gov.tw/report/attachment_file/report/month/11403/11071102030.csv,14240,13856,16308,14240,reported_first_payment,2025-04,https://events.bli.gov.tw/report/attachment_file/report/month/11404/11071102040.csv
2025-04,勞工保險基金,普通事故保險（職災保險已分立）,1099412331990,10994.1233,1099412330000,-3.31,-9.604943,23365274,17205,167256,6437436,0.0021913673,2025,1918758,1918758,13511,13264,15716,-2452.130046,13511,reported_first_payment,5521,4月.pdf,https://www.blf.gov.tw/media/o1xog31w/勞工保險基金-114年4月.pdf?mediaDL=true,https://www.ris.gov.tw/info-popudata/app/awFastDownload/toMain_panel,https://events.bli.gov.tw/report/attachment_file/report/month/11404/11071102040.csv,https://events.bli.gov.tw/report/attachment_file/report/month/11404/11071102030.csv,15188,14870,17322,15188,reported_first_payment,2025-05,https://events.bli.gov.tw/report/attachment_file/report/month/11405/11071102040.csv
2025-05,勞工保險基金,普通事故保險（職災保險已分立）,1080425378172,10804.2538,1080425380000,-4.66,-10.821461,23355470,15382,167256,6437436,0.0021913673,2025,1930269,1930269,12429,12226,14678,-2452.130046,12429,reported_first_payment,5122,5月.pdf,https://www.blf.gov.tw/media/lqznqlyz/勞工保險基金-114年5月.pdf?mediaDL=true,https://www.ris.gov.tw/info-popudata/app/awFastDownload/toMain_panel,https://events.bli.gov.tw/report/attachment_file/report/month/11405/11071102040.csv,https://events.bli.gov.tw/report/attachment_file/report/month/11405/11071102030.csv,13511,13264,15716,13511,reported_first_payment,2025-06,https://events.bli.gov.tw/report/attachment_file/report/month/11406/11071102040.csv
2025-06,勞工保險基金,普通事故保險（職災保險已分立）,1172984399096,11729.844,1172984400000,-1.55,-3.075975,23346741,16554,167256,6437436,0.0021913673,2025,1940717,1940717,17005,16813,19265,-2452.130046,17005,reported_first_payment,6063,6月.pdf,https://www.blf.gov.tw/media/ebqjztce/勞工保險基金-114年6月.pdf?mediaDL=true,https://www.ris.gov.tw/info-popudata/app/awFastDownload/toMain_panel,https://events.bli.gov.tw/report/attachment_file/report/month/11406/11071102040.csv,https://events.bli.gov.tw/report/attachment_file/report/month/11406/11071102030.csv,12429,12226,14678,12429,reported_first_payment,2025-07,https://events.bli.gov.tw/report/attachment_file/report/month/11407/11071102040.csv
2025-07,勞工保險基金,普通事故保險（職災保險已分立）,1187989230030,11879.8923,1187989230000,0.73,1.254689,23337936,16846,167256,6437436,0.0021913673,2025,1955729,1955729,14990,14917,17369,-2452.130046,14990,reported_first_payment,7178,7月.pdf,https://www.blf.gov.tw/media/q54nojxm/勞工保險基金-114年7月.pdf?mediaDL=true,https://www.ris.gov.tw/info-popudata/app/awFastDownload/toMain_panel,https://events.bli.gov.tw/report/attachment_file/report/month/11407/11071102040.csv,https://events.bli.gov.tw/report/attachment_file/report/month/11407/11071102030.csv,17005,16813,19265,17005,reported_first_payment,2025-08,https://events.bli.gov.tw/report/attachment_file/report/month/11408/11071102040.csv
2025-08,勞工保險基金,普通事故保險（職災保險已分立）,1216781737012,12167.8174,1216781740000,4.27,6.472894,23328343,15226,167256,6437436,0.0021913673,2025,1968812,1968812,13298,13081,15533,-2452.130046,13298,reported_first_payment,5575,8月.pdf,https://www.blf.gov.tw/media/p2opdnua/勞工保險基金-114年8月.pdf?mediaDL=true,https://www.ris.gov.tw/info-popudata/app/awFastDownload/toMain_panel,https://events.bli.gov.tw/report/attachment_file/report/month/11408/11071102040.csv,https://events.bli.gov.tw/report/attachment_file/report/month/11408/11071102030.csv,14990,14917,17369,14990,reported_first_payment,2025-09,https://events.bli.gov.tw/report/attachment_file/report/month/11409/11071102040.csv
2025-09,勞工保險基金,普通事故保險（職災保險已分立）,1248421923489,12484.2192,1248421920000,7.95,10.738048,23317031,15387,167256,6437436,0.0021913673,2025,1980031,1980031,12700,12730,15182,-2452.130046,12700,reported_first_payment,5064,9月.pdf,https://www.blf.gov.tw/media/my1kiifb/勞工保險基金-114年9月.pdf?mediaDL=true,https://www.ris.gov.tw/info-popudata/app/awFastDownload/toMain_panel,https://events.bli.gov.tw/report/attachment_file/report/month/11409/11071102040.csv,https://events.bli.gov.tw/report/attachment_file/report/month/11409/11071102030.csv,13298,13081,15533,13298,reported_first_payment,2025-10,https://events.bli.gov.tw/report/attachment_file/report/month/11410/11071102040.csv
2025-10,勞工保險基金,普通事故保險（職災保險已分立）,1290930073216,12909.3007,1290930070000,12.56,15.255299,23310853,15908,167256,6437436,0.0021913673,2025,1990874,1990874,14130,14173,16625,-2452.130046,14130,reported_first_payment,4987,10月.pdf,https://www.blf.gov.tw/media/tvyhhdgf/勞工保險基金-114年10月.pdf?mediaDL=true,https://www.ris.gov.tw/info-popudata/app/awFastDownload/toMain_panel,https://events.bli.gov.tw/report/attachment_file/report/month/11410/11071102040.csv,https://events.bli.gov.tw/report/attachment_file/report/month/11410/11071102030.csv,12700,12730,15182,12700,reported_first_payment,2025-11,https://events.bli.gov.tw/report/attachment_file/report/month/11411/11071102040.csv
2025-11,勞工保險基金,普通事故保險（職災保險已分立）,1294260608090,12942.6061,1294260610000,13.41,14.714854,23306085,14771,167256,6437436,0.0021913673,2025,2003136,2003136,14169,14111,16564,-2452.130046,14169,reported_first_payment,4315,11月.pdf,https://www.blf.gov.tw/media/m4hgq2on/勞工保險基金-114年11月.pdf?mediaDL=true,https://www.ris.gov.tw/info-popudata/app/awFastDownload/toMain_panel,https://events.bli.gov.tw/report/attachment_file/report/month/11411/11071102040.csv,https://events.bli.gov.tw/report/attachment_file/report/month/11411/11071102030.csv,14130,14173,16625,14130,reported_first_payment,2025-12,https://events.bli.gov.tw/report/attachment_file/report/month/11412/11071102040.csv
2025-12,勞工保險基金,普通事故保險（職災保險已分立）,1303520872026,13035.2087,1303520870000,15.57,15.57,23299132,17450,167256,6437436,0.0021913673,2025,2015310,2015310,20486,20494,22946,-2452.130046,20486,reported_first_payment,5540,12月.pdf,https://www.blf.gov.tw/media/x3vngnyf/勞工保險基金-114年12月.pdf?mediaDL=true,https://www.ris.gov.tw/info-popudata/app/awFastDownload/toMain_panel,https://events.bli.gov.tw/report/attachment_file/report/month/11412/11071102040.csv,https://events.bli.gov.tw/report/attachment_file/report/month/11412/11071102030.csv,14169,14111,16564,14169,reported_first_payment,2026-01,https://events.bli.gov.tw/report/attachment_file/report/month/11501/11071102040.csv
2026-01,勞工保險基金,普通事故保險（職災保險已分立）,1395886090188,13958.8609,1395886090000,5.16,82.897146,23289045,17529,167256,6437436,0.0021913673,2025,2033840,2033840,15348,15420,17872,-2452.130046,15348,reported_first_payment,6292,1月.pdf,https://www.blf.gov.tw/media/gkdambdk/勞工保險基金-115年1月.pdf?mediaDL=true,https://www.ris.gov.tw/info-popudata/app/awFastDownload/toMain_panel,https://events.bli.gov.tw/report/attachment_file/report/month/11501/11071102040.csv,https://events.bli.gov.tw/report/attachment_file/report/month/11501/11071102030.csv,20486,20494,22946,20486,reported_first_payment,2026-02,https://events.bli.gov.tw/report/attachment_file/report/month/11502/11071102040.csv
2026-02,勞工保險基金,普通事故保險（職災保險已分立）,1470228114164,14702.2811,1470228110000,10.56,82.636754,23280273,14881,167256,6437436,0.0021913673,2025,2047255,2047255,10455,10182,12634,-2452.130046,10455,reported_first_payment,2604,2月.pdf,https://www.blf.gov.tw/media/hf0j50q4/勞工保險基金-115年2月.pdf?mediaDL=true,https://www.ris.gov.tw/info-popudata/app/awFastDownload/toMain_panel,https://events.bli.gov.tw/report/attachment_file/report/month/11502/11071102040.csv,https://events.bli.gov.tw/report/attachment_file/report/month/11502/11071102030.csv,15348,15420,17872,15348,reported_first_payment,2026-03,https://events.bli.gov.tw/report/attachment_file/report/month/11503/11071102040.csv
2026-03,勞工保險基金,普通事故保險（職災保險已分立）,1404683674531,14046.8367,1404683670000,4.74,20.351159,23270568,18607,167256,6437436,0.0021913673,2025,2055403,2055403,17017,16929,19381,-2452.130046,17017,reported_first_payment,5228,3月.pdf,https://www.blf.gov.tw/media/en0a4xxb/勞工保險基金-115年3月.pdf?mediaDL=true,https://www.ris.gov.tw/info-popudata/app/awFastDownload/toMain_panel,https://events.bli.gov.tw/report/attachment_file/report/month/11503/11071102040.csv,https://events.bli.gov.tw/report/attachment_file/report/month/11503/11071102030.csv,10455,10182,12634,10455,reported_first_payment,2026-04,https://events.bli.gov.tw/report/attachment_file/report/month/11504/11071102040.csv
2026-04,勞工保險基金,普通事故保險（職災保險已分立）,1537079650828,15370.7965,1537079650000,17.19,60.942841,23262544,15994,167256,6437436,0.0021913673,2025,2070280,2070280,13866,13823,16275,-2452.130046,13866,reported_first_payment,5454,4月.pdf,https://www.blf.gov.tw/media/nj2dkwej/勞工保險基金-115年4月.pdf?mediaDL=true,https://www.ris.gov.tw/info-popudata/app/awFastDownload/toMain_panel,https://events.bli.gov.tw/report/attachment_file/report/month/11504/11071102040.csv,https://events.bli.gov.tw/report/attachment_file/report/month/11504/11071102030.csv,17017,16929,19381,17017,reported_first_payment,2026-05,https://events.bli.gov.tw/report/attachment_file/report/month/11505/11071102040.csv
2026-05,勞工保險基金,普通事故保險（職災保險已分立）,1612627518094,16126.2752,1612627520000,24.51,69.23499,23252641,15158,167256,6437436,0.0021913673,2025,2082018,2082018,13077,13167,15619,-2452.130046,13077,reported_first_payment,5014,5月.pdf,https://www.blf.gov.tw/media/j3bjdado/勞工保險基金-115年5月.pdf?mediaDL=true,https://www.ris.gov.tw/info-popudata/app/awFastDownload/toMain_panel,https://events.bli.gov.tw/report/attachment_file/report/month/11505/11071102040.csv,https://events.bli.gov.tw/report/attachment_file/report/month/11505/11071102030.csv,13866,13823,16275,13866,reported_first_payment,2026-06,https://events.bli.gov.tw/report/attachment_file/report/month/11506/11071102040.csv
2026-06,勞工保險基金,普通事故保險（職災保險已分立）,1682071104275,16820.711,1682071100000,25.17,56.675289,23243565,16340,167256,6437436,0.0021913673,2025,2093075,2093075,15123,15088,17540,-2452.130046,15123,reported_first_payment,5100,6月.pdf,https://www.blf.gov.tw/media/20bfdvdf/勞工保險基金-115年6月.pdf?mediaDL=true,https://www.ris.gov.tw/info-popudata/app/awFastDownload/toMain_panel,https://events.bli.gov.tw/report/attachment_file/report/month/11506/11071102040.csv,https://events.bli.gov.tw/report/attachment_file/report/month/11506/11071102030.csv,13077,13167,15619,13077,reported_first_payment,2026-07,https://events.bli.gov.tw/report/attachment_file/report/month/11507/11071102040.csv
