B,Q,volume,V
0.00014569093426619172,0.12664560167776112,1.5829138748894373e-5,0.0011619107053758965
0.22743375033567886,0.03727470071241003,1.1711039657504001e-5,7.425254579575652
0.3086038401001039,0.01596038451729438,6.225347683050221e-6,18.81473997379046
0.10255134725458741,0.02762023272494441,2.890646331589183e-5,3.8469541535124585
0.17412398289427278,0.005766824957703749,6.469619123250977e-6,17.897744318205227
1.7154947916666863,0.2804307604593603,0.008024863505061527,6.603047962770674
0.272016461258653,0.0316474321227333,5.451550514485535e-6,10.99825251120599
0.034077298666155116,0.38125619977458375,8.576595896053136e-6,0.08975482854330055
0.06351037396717088,0.00010130322484961536,5.854924566625664e-6,16.86980231080421
0.2903045978728269,0.03887566184678595,3.036156490494056e-6,9.07021449717712
5.88216145833333,0.10229112106085846,0.010548680241343244,31.226415322476907
0.2025595453224941,0.028312110281563756,8.40678014173318e-6,7.6562048766532484
0.14013178413414248,0.010137040099098151,6.74636340014723e-6,17.47858740206982
0.3337983787604884,0.06252140369693361,1.3740256491389031e-5,7.054952473301768
0.25105423156984824,0.010110286357154694,6.726292045059114e-6,18.50306798835934
0.014413355452480653,0.2533964302382868,9.938123609155028e-6,0.05719782871465699
0.02335261235863827,0.0575910537963433,5.4693256628093274e-5,0.41912147738063366
0.2619572946346438,0.038855505943386125,7.8810446554117e-6,8.200810031458794
0.36361811966573204,0.041203336742947225,4.223655009790476e-5,10.959187011493903
0.1576933582622927,0.10565017358481878,0.0002210123619380684,1.5532837370747794
0.215205284787705,0.011591530173640577,7.040898655922723e-6,18.11512051996747
7.9654947916666625,0.3186035403304678,0.013468320849154617,27.204935050260552
0.2992086858153712,0.009640469120366256,2.6048705246242595e-5,19.00789212564337
0.08256850409569247,0.10028571363189362,0.0002295859381122438,0.8459271061133286
0.0472483235150596,0.17197581726012037,0.00015965703057164147,0.277665908608451
0.2813681291795222,0.07281160116059432,6.496421426690703e-5,4.367690301123101
3.7988281249999964,0.08956686110382261,0.01361348374349035,29.815730811162624
0.18903003456380607,0.02514632107525126,1.1552093068160682e-5,8.371782106682407
0.12180481786055901,0.002647710134386044,1.0338822359606774e-5,17.456674012409596
0.3193914600886974,0.04671897450397222,7.405818846948099e-6,8.471742640431334
0.23943931907168037,0.017926287953757742,7.136906557291937e-6,18.09806299797819
0.00678507591262019,0.3436616911357582,4.849642307883815e-5,0.01981951064851143
0.01045837036848117,0.02951958522441135,4.7195291878123265e-5,0.36930929477509467
0.24531669055156358,0.029521299936530576,9.114212057756521e-6,9.313426994817796
0.3258781861119994,0.03615066393600127,1.020747235395585e-5,11.547039330774815
0.13106484062185064,0.09402517152922556,0.0003433417339136103,1.4539447211931096
0.19593919368239274,0.015355381932002454,7.041623783980523e-6,17.846107792529953
4.8404947916666625,0.38858697009416493,0.010893048477673542,14.1498052085025
0.2858664468558855,0.02361968294647712,8.26781770170461e-6,18.09916623502986
0.05497281056450665,0.26954519079488,0.00011650424905430899,0.20534898680305702
0.0925822447409768,0.01054738189588464,1.5138568627755043e-5,17.046510756373056
0.3038023729935956,0.053168074411009694,8.13473989981781e-6,7.307517223032388
9.007161458333329,0.006859171383089634,0.009102458787131128,32.00162939411348
0.2213510314319122,0.02081235330178178,7.498089569355033e-6,17.729330184706
0.16608486960996052,0.00417362730792577,8.451420496573035e-6,17.863994564534686
0.6738516436863293,0.2613433610202254,0.008808326904578438,2.6825731064329172
0.26708896910889446,0.02810315998266756,7.732809392374507e-6,17.696000209728048
0.028454655597472473,0.3619578395756627,8.528969098829443e-5,0.07894710909800337
0.01869371156580271,0.16900168589357753,7.809720258650517e-5,0.11159023217915609
0.25661006101047945,0.05808670349305961,2.7217009277986098e-5,5.874421312554049
0.34458603952096,0.02884515863037187,3.416783557038512e-5,18.279198188193163
0.14901934024216415,0.021265467247539454,1.4069514748965675e-5,7.935303183434208
0.20895967207711535,0.0022572108016591704,8.383833675508555e-6,18.386407866240944
6.923828124999996,0.22317159065269895,0.01468011379563626,29.42566733846837
0.29473274224655666,0.03057243388842206,5.701792318038225e-6,17.78572996075048
0.07278003519349015,0.2936034218010878,0.0001620140141417097,0.24960716866440835
0.04031015081235708,0.07785904633157516,8.589302987274975e-5,0.5324894120066437
0.27676481889483084,0.04706679543862795,6.524973828077394e-6,7.381035705611357
2.7571614583333304,0.19772307073862727,0.01371419004910858,17.016499616636096
0.18177132802597384,0.32340826568395564,0.0011765774141109307,0.5673644569119833
0.11230890107836064,0.011070433015486561,1.2230312810365463e-5,17.21268384002194
0.31373768249721823,0.06000432762943259,9.713619127566457e-6,6.875770297440045
0.23346710974701873,0.006604440782561884,8.86792450750057e-6,18.47201295375674
0.0033574680507017203,0.24784547070792595,6.177646432217549e-5,0.013617291457729695
0.005042555465396528,0.08462601458044046,5.3949977362659806e-5,0.06054545562126919
0.23646254264123762,0.03332926179748895,1.1200761030138462e-5,8.55084150337201
0.316484089636318,0.04103784842508937,9.027925775496567e-6,9.399397591175202
0.11708903636159732,0.3560305281559423,0.00037941428865389344,0.3310900550044976
0.18544750406513794,0.010759937474817429,7.356418921531445e-6,17.871047286819202
3.2779947916666643,0.34087099525528053,0.008900156454063087,10.580568323742462
0.2790822184056018,0.013336580556664411,1.8799070163187205e-5,18.644852056932464
0.04368532068911661,0.22698666844050444,9.429933706451009e-5,0.1939397895342901
0.07762703787205202,0.045913106466659644,0.0001407238992095341,1.8864305490413371
0.2969607236137304,0.06190995288290356,1.7297981206029605e-5,6.3953817374896405
7.44466145833333,0.06093727620049197,0.007796776520679409,31.83994543320128
0.21209803360162802,0.02464991676392258,8.850835663862492e-6,17.35816607219379
0.15338688288692098,0.0007098069002013388,6.6821038207454015e-6,17.776523532984555
0.3522674224145038,0.04556331189698927,2.1368050415440986e-5,9.497200668116418
0.25931066043256057,0.020275287745592174,8.728551515144977e-6,18.10775426643999
0.020972095964717812,0.3139314235647463,6.493983707664789e-5,0.06711637884846386
0.03119555090730123,0.11547671025579093,6.499762252128833e-5,0.27418134815465944
0.26957693299439045,0.049717301960797954,1.5707897980823876e-5,6.905350064664079
1.1946614590334153,0.02276449632938444,0.007559146422637994,26.554648901203585
0.17015190371511885,0.016655049108743,9.784948451796313e-6,17.53915878833287
0.22439882364420183,0.00878300123451376,9.475211318232486e-6,18.29273552675916
9.527994791666663,0.2772496954701013,0.00879409058230115,29.45678145956024
0.3061703935674192,0.038529610947560834,8.422159270692057e-6,9.671957115762781
0.09758572392229603,0.34641337643991216,0.00015781757714174066,0.2834962676560012
0.05914190958841915,0.012280844546457892,4.050751853970553e-5,5.6617305435060725
0.28809005134268323,0.04361510157584299,7.4953532160603434e-6,8.136921928323822
5.361328124999996,0.15000709589974287,0.009248003445533741,29.900322920179008
0.19928122693145567,0.037078607401727554,3.40084639994601e-5,6.582332432839772
0.13562053307815453,0.013982915720160386,9.796772712934532e-6,17.341853841705074
0.32960107667282856,0.16333519596632612,0.010310070321154611,2.0995884629956887
0.2482057977624979,0.01566596490597898,1.0386485699545899e-5,18.285057163136806
0.012398121514967667,0.3017493323115783,6.883791236857584e-5,0.04127551406603534
0.00858892254183077,0.18024050662574143,4.6273259707252566e-5,0.048015929140542354
0.24239257141064569,0.059374033018219204,3.377057797636018e-5,4.659738519013345
0.3225030952947841,0.02895243189810516,1.1945747012896629e-5,18.090149258756462
0.12646138909736745,0.027066443755019595,4.8291520754649643e-5,4.85957400637743
0.19252484296399225,0.002737069885321867,7.981533357665183e-6,18.189514278221388
4.31966145833333,0.23271478562047584,0.012542547007013027,22.2672690803017
0.2836277206428621,0.029297540370283273,6.162813433566335e-6,17.740677489305767
0.051008712740604145,0.3262935313095825,9.355993771782825e-5,0.15717362721898348
0.08756585247453316,0.005580744266594662,1.3563548301197606e-5,17.082087076277723
0.30148578159400385,0.046503546851737625,5.839238175479312e-6,8.05995534460262
8.486328124999996,0.1563692258782608,0.013519907450206078,31.276463693901306
0.21828784984264582,0.041842249919119306,1.6574256447369414e-5,6.5000001382819885
0.16192921408834915,0.007260303283426453,6.993792797344872e-6,17.742594111122166
0.38734840024691325,0.058756543521750325,0.00020419969464062718,8.436246461297827
0.2645497466930347,0.0014955337151759023,1.3999905352920792e-5,19.21544912450115
0.02584370987794566,0.2027617505901517,5.665442010084172e-5,0.12843317092305687
0.01650978415370189,0.013434782173805017,3.927549442975257e-5,1.3534567131673736
0.2538569877127192,0.03055638737639947,1.1324237170768927e-5,10.39305793879372
0.3386735662627721,0.035109405448520675,1.776070287537111e-5,17.88164055685531
0.14459900306857443,0.03194008464136148,4.724694870797965e-5,5.509039493563069
0.20578285737954463,0.015072233487281955,7.63113605845807e-6,17.93677277072345
6.4029947916666625,0.3726816451478701,0.012007739032582909,19.983324685529567
0.29251652730027033,0.022566298033343823,1.4801427505496982e-5,18.236621468521783
0.06806411077202922,0.23018104724405838,0.00016065622367931757,0.2983561176841162
0.03711148823152786,0.1311848496636015,7.531084475944523e-5,0.28674526309161713
0.2744110680781593,0.0542763405724192,1.72888041216785e-5,6.560975458245627
2.2363281249999973,0.0418508862649382,0.011562737305872272,28.959207876128296
0.1779974167235588,0.018958827520038954,9.86538044089377e-6,17.460206310090495
0.10746214146502978,0.007043396117324699,9.909279012909154e-6,17.236189337243964
0.31111945333168134,0.05189722659524964,1.0702611284795455e-5,7.6091946588275885
0.2304567468136643,0.021103774917764974,8.100967621400357e-6,17.790226888126107
0.0017262619535873174,0.39809066780366636,2.4635072999655996e-5,0.004350265415458509
0.0025353394944577874,0.0077199168458911335,3.207796190017729e-5,0.39255983642629555
0.2319636149631113,0.02316054977249553,7.810276651844311e-6,17.672577118343668
0.31241428354722944,0.032001003788944424,8.967312392906605e-6,17.84696988069384
0.10989382393440293,0.14330301716909943,0.0006945199893371534,0.7818711846688371
0.17989675995693025,0.012120514812576162,6.153982621040959e-6,17.78567977870886
2.4967447916666643,0.3647289826747227,0.013509559025824716,7.285221701073212
0.2755927781335642,0.017322663203726243,1.1023266198493855e-5,18.470251140060753
0.038689501521992326,0.25538484376425513,9.64835814029487e-5,0.15248158368673637
0.07040357846568351,0.04529420063008989,0.0001803929110054873,1.711170405216074
0.29362364668913055,0.0559749801199009,1.2274435445681303e-5,6.81651522900971
6.66341145833333,0.0338982237917908,0.01201060110154018,31.909963738165903
0.2073765603574393,0.02124120903507794,8.071857788474184e-6,17.56582032829797
0.14681533561230897,0.005584891583100003,6.946253122966663e-6,17.634912828764733
0.34146749580011154,0.05283734211946807,1.856726133929646e-5,8.16575425708402
0.25523993922105015,0.027358831515738934,7.412079617738427e-6,17.64106850317977
0.017590391704951216,0.3899577115799323,5.296730474845638e-5,0.045272495849394113
0.027133589851987078,0.19420936894419663,7.470143554228125e-5,0.1408501858175028
0.26582591034544234,0.09817202890980639,0.0014215466254220753,2.9016583943827046
0.4361716375392266,0.040217704889971104,0.0022538908719438974,18.22043953464636
0.16401763291272103,0.024903489655648155,1.440823224374526e-5,7.084826555429984
0.219821581216834,0.005635917419922966,8.199909475093559e-6,18.367761107467295
8.746744791666663,0.2502106430614001,0.015062986729910362,29.86158739895084
0.30263843633935644,0.03510008334311115,6.003440060366353e-6,10.722463069153124
0.09007381038345114,0.30494678708639344,0.0003230752172440127,0.29745207633516485
0.052965076747617926,0.03184058008202613,5.3200099907110314e-5,2.110276576958659
0.2847493399550123,0.04571795302790296,5.915047430240582e-6,7.749522871871228
4.5800781249999964,0.17386508331918502,0.014597469753437306,27.573985508430372
0.19424158217106247,0.047879293645526684,8.256666270651358e-5,5.2624383981337886
0.1287693852909685,0.008198957851884849,7.542094105400121e-6,17.40935393539509
0.3241531745892695,0.05680354965126108,1.0927229375853823e-5,7.370359360646549
0.2438586395192175,0.004211664327700128,1.1604739754661634e-5,18.683302293232636
0.009515162997325174,0.22340180134334592,6.0199419826467e-5,0.042851884969595855
0.013395959295284136,0.10093310162366605,5.375988855580971e-5,0.13467786216341734
0.24963543159468707,0.040363983797944515,8.214698410148419e-6,7.582373063880527
0.3316301110305381,0.003439634584377833,9.237760290825712e-5,22.116839566311
0.13788161328090204,0.014318556519677991,1.3648362428274558e-5,17.35619004156765
0.20092780487876674,0.0051643746376620085,8.447489428949856e-6,18.189154867834365
5.6217447916666625,0.25657277303991805,0.01224639123357979,25.364866068701602
0.28919806398623304,0.033303725582707104,5.625533192584902e-6,11.0071865496575
0.06130189102435731,0.3482944800079173,0.0001340801690939923,0.17692471425987777
0.10007451816199286,0.00227388615891545,9.937934189029742e-6,17.243277129685268
0.3073779662247125,0.04440439817284489,5.15281587450021e-6,8.520796183630754
9.788411458333329,0.12933017346955963,0.010745978813546034,31.580059365971316
0.22591779850410132,0.0371671513809383,7.376189775255141e-6,7.396420422490234
0.17215010904827174,0.013025343726303713,8.421848681626743e-6,17.690174430569876
1.455078125003824,0.3838153726102765,0.009980714506574354,3.9113559366530595
0.27080254637936574,0.019122548686685958,6.340909847067205e-6,18.306919323359296
0.03261810789071452,0.2776052215905063,8.959021192424203e-5,0.11816828362794438
0.022149078341956847,0.08559882629813516,6.687219750228183e-5,0.26385256189641465
0.26064076568765665,0.04207301040060603,1.1924631258496511e-5,7.630693955970168
0.3572605168951523,0.04370587208547586,2.914562103467947e-5,10.012895519328822
0.15554833541485538,0.3260351329798629,0.0006542523934196658,0.48123321697224375
0.21365512249981358,0.013710095264217808,6.926615989254202e-6,18.041168277150398
7.705078124999996,0.345642592739169,0.00989625068093156,25.322714129350018
0.29808165985814256,0.018301496396306925,1.6542314917653575e-5,18.63169839259475
0.08008837304010324,0.15476823996231936,0.0003141907038168523,0.5249825766672636
0.04544268920211729,0.14825841962086045,8.056784892079681e-5,0.3103235782021464
0.28022879359104996,0.06101569936860411,2.6287751047642698e-5,6.137943159039676
3.5384114583333304,0.0657088736843804,0.00999262884155437,30.266076290989748
0.18725014195356904,0.02218436972869009,1.065384797935464e-5,17.315733626912444
0.11945469376828222,0.0010383495984252011,6.986339674418663e-6,17.439114744438346
0.31791524433510343,0.04419885623601548,8.684528791994347e-6,8.832481477018636
0.23795354460653548,0.015177908087023139,8.541221109762381e-6,18.20910510398161
0.005906401691516878,0.3196876682883915,5.1359973739049225e-5,0.018551781030168985
0.004193062171246489,0.15667009972860213,6.092074324202038e-5,0.026989225960816675
0.23496689461600573,0.046935954745807244,2.027914943071914e-5,6.367708814373973
0.315093015269374,0.02416681486146818,1.2437412594928492e-5,18.321629403775905
0.11470724577413487,0.02678904447912879,2.78381922663108e-5,4.450624454912754
0.18362142610296595,0.0004747542579915487,7.290347494970989e-6,18.175980228896684
3.0175781249999964,0.20885679820103364,0.013620280715124227,17.56771563183912
0.27792776629756094,0.024941992217442265,7.243326076920888e-6,17.95036791455638
0.041974937302648764,0.3044193694403823,8.657080959644118e-5,0.1386446446382934
0.07518934960477336,0.012241153443525964,1.7906490687962208e-5,16.865080147302812
0.2958447680432509,0.04877307912609812,6.268774060768925e-6,7.632721168819266
7.1842447916666625,0.18340827828696196,0.014223924228560038,30.53239004926611
0.21053318149844813,0.055675141534284704,9.841841554512581e-5,4.538414036743258
0.15121018387672847,0.00878237049316964,7.320876172956758e-6,17.60766027737907
0.34813249287772674,0.05946321128971387,3.893761334734512e-5,7.595565728236834
0.2579670438032127,0.007884956132241775,1.181558036795413e-5,18.666421846268058
0.01982063446565874,0.23170605930870247,7.572197332558753e-5,0.0860855338783463
0.029808196061706288,0.0332364770258116,7.364987242231894e-5,1.1616168392098554
0.2683391999452492,0.03826119391681525,7.478150017047757e-6,8.51173280381478
0.9342449196346783,0.14523549841183384,0.011898645352979121,7.2839485001456055
0.16812991757440485,0.03620724246158431,6.391774011758071e-5,5.721748365650978
0.22287665735749868,0.019754051226821515,7.831768995773923e-6,17.812603052832245
9.267578124999996,0.3997206975565713,0.00746787867303508,25.083256106728975
0.3049791350623374,0.028886120128836047,9.283600933090496e-6,17.95288474345179
0.09508733887704876,0.183223739378607,0.0005182375079610876,0.5258565640519128
0.05703190360270765,0.07335443436347727,0.00029034854693713074,0.807038805442941
0.28697976837174877,0.05245374287347673,8.811791391888886e-6,7.012336977169453
5.10091145833333,0.017992898845495996,0.009018528419386154,31.79147807775454
0.19761871871579878,0.018623803602271366,6.48679505210103e-6,17.660024616367593
0.1333483889845194,0.004530637343662938,6.828406999030007e-6,17.53063444732609
0.3276895172004793,0.05042054344559022,9.468612218611539e-6,8.164651663643086
0.24676598511155617,0.023010118037264368,6.336780319811748e-6,17.804955948745665
0.011419146120758842,0.37399266582879204,3.3654243841289825e-5,0.03064462211422366
0.007679075721999319,0.060265449266742245,5.040056302732887e-5,0.13056001132087122
0.24091922424643636,0.031645970268272476,9.772998807361213e-6,9.229633365844435
0.32091850079457584,0.03900094460049413,8.24601402941772e-6,10.068551031983244
0.12414012509881817,0.25486322619127405,0.00022964685596478176,0.49320829936049043
0.1907879757590869,0.009370814845236582,6.307596806255581e-6,17.954971311508316
4.059244791666664,0.3170130078358383,0.011026179643668114,14.647665052509318
0.2825008805455745,0.006545539679327512,2.712988710072466e-5,18.99389386543238
0.04910335419659871,0.1958931048209613,7.278633462417072e-5,0.25300756730764407
0.08506257722594203,0.04392464736556007,0.0001616648070413968,2.3915214258528703
0.3003429764458443,0.07331464197180672,4.507731830057936e-5,4.650382031129826
8.22591145833333,0.08797632860919313,0.01093680699597303,31.74812263054107
0.21674929309543053,0.028610868386800613,9.73943953057243e-6,8.207893876815817
0.15982072653239032,0.0026317027744551403,6.664944303937047e-6,17.84250173540746
0.37247353703953334,0.04903172580218516,5.473852636462981e-5,9.408955819168522
0.2632602596854079,0.024625253107583994,7.643859477272828e-6,17.845495830162974
0.02458377882503216,0.3411211100312227,6.83291279247128e-5,0.07238646580641653
0.015451041057040149,0.1487397697212625,5.300425885042558e-5,0.10489829089337466
0.2524615962622153,0.050642338597305804,1.536938815650012e-5,6.411677038462782
0.33613388923483256,0.024649364531871776,2.60216207729828e-5,18.480209718103197
0.14237099896692035,0.0189762469489767,1.1683542252445543e-5,17.137516522618238
0.20417753737941052,0.009386306377947714,6.374430706857503e-6,18.078698274260166
6.142578124999996,0.30428874787880245,0.010664133544695876,23.640262881513976
0.2914104703299278,0.038925238717073436,5.1047035927074766e-6,9.09401248678045
0.06576531860123333,0.4057940959183278,0.00013868287282492212,0.1628145036058663
0.03557459261508483,0.013876804181100202,3.995327340543164e-5,2.8231760258171716
0.2732191372193677,0.03743919686814448,4.8578542808952705e-6,8.843545376990974
1.9759114583333308,0.12614910848030067,0.010548680241343518,21.057736065086395
0.1760731508109445,0.03021362753684229,1.624820250013124e-5,6.05036809921312
0.10501434579055585,0.015540941019002583,1.3526549390658677e-5,16.957666404633564
0.30985019853255885,0.06749409742473257,2.0070549912200902e-5,5.306348097279774
0.22894674540571613,0.009462177714623703,6.7554319824206915e-6,18.31366876376804
0.0009298389145023572,0.2783098349335397,3.6499796565889154e-5,0.003356261806168985
0.0013264927256917197,0.07464130086092602,4.3161251515526256e-5,0.018082331558176117
0.22970212665206902,0.03001334208257517,8.873106403559857e-6,8.239128013924477
0.31048180321514884,0.039331679947359435,6.313528503862068e-6,9.61028304499526
0.10624021125077508,0.34007219908193476,0.0003984624485793959,0.31450597397731056
0.17703840185488914,0.0094438877690471,6.866409551039389e-6,17.8258768625371
2.1061197916666643,0.3305325340401889,0.015513313689553093,6.795535649079293
0.27381641369156506,0.009609044584374933,1.8874765582732452e-5,18.753949021683116
0.03633799571597497,0.22071366981198862,0.0001114490540532213,0.16587221641487299
0.06690941929624522,0.14603067495591654,0.00013591122047971877,0.46496025363333343
0.29196342167374034,0.3715384396709471,0.003917208478631585,0.7935935330010477
6.27278645833333,0.10149585481354371,0.017857117823535582,31.383288304711662
0.20498171485197247,0.028520723445129362,1.0261504067381313e-5,7.689056797829618
0.1434864264124079,0.0033580909970115356,7.1617309197276365e-6,17.66009644368087
0.33737544999478464,0.04900468608845177,1.2011735399500125e-5,8.57767795020425
0.25316081955837977,0.023017213373843437,6.230888548368315e-6,17.858557719648115
0.015977730918878035,0.3553877291935764,4.883472455482413e-5,0.04513721073428506
0.025210075987479593,0.13389077397992674,5.844961916330944e-5,0.1905719951639584
0.2639066798322976,0.0511024605210563,1.7503908872658457e-5,6.629714162294839
0.3786945310312946,0.023142999340629185,0.0003216543675211565,19.011899188125593
0.16087740598982644,0.01760411902042756,1.0985059050368034e-5,17.397292582616664
0.2175192119218589,0.009520232099006596,7.805208350345298e-6,18.20033670674131
8.356119791666663,0.29235975416908133,0.013395165477125463,28.68696503539835
0.30091323339229004,0.03933789886987534,7.476249857031946e-6,9.300754807149843
0.08631335338170526,0.384717334785933,0.00024296576674245844,0.22557413315920768
0.05004969350732262,0.004108342238365161,3.785727378938347e-5,16.748706102803766
0.2830649967606916,0.03860032148237303,7.73792164329118e-6,8.902192329606404
4.1894531249999964,0.11422011477057956,0.013551279310326188,29.513170659844103
0.19165898592177993,0.028902031114392407,1.6638348777713666e-5,6.990809647359061
0.125302463464998,0.011497656753942596,9.370126175316265e-6,17.31517090800446
0.32170313955046226,0.06461403765765084,2.5248954599437298e-5,6.666693703520088
0.24165676206496767,0.009981853121761291,1.1296559227017312e-5,18.416113827565482
0.008131984698858626,0.26595982416648317,4.900356649528636e-5,0.030729976040981453
0.01190631819930793,0.16940934295232282,3.467206952388584e-5,0.07086643530740386
0.24748712106449083,0.055475260547382985,2.9351863814547904e-5,5.877876128633536
0.32863178033294815,0.02782840482865922,1.8913476709052983e-5,18.20759178579323
0.1344858611728156,0.0225928720746906,2.594914345295273e-5,6.40418768794002
0.19845203228311603,0.0019260359381535988,1.0366541307437683e-5,18.28273719386189
5.2311197916666625,0.2223763244053842,0.0167890468731205,26.489299247123775
0.2875352421838759,0.028964018321667867,7.420681694585566e-6,17.810083606941944
0.05808058896403838,0.30991369481371245,0.00014490723559488098,0.1885240017244461
0.09633756189090573,0.008448327660350075,1.3310666132901394e-5,17.103103752935585
0.30557284233802745,0.05163463714637116,9.313987070698817e-6,7.515648354643818
9.397786458333329,0.1969278044913125,0.01689231206275852,30.757705835337788
0.22363815388800412,0.17004379354818705,0.0016226030707688938,1.3499485004540834
0.1691438421187746,0.010348983372391877,6.653315004648021e-6,17.732117924194192
1.0644531344651225,0.3496189239757413,0.014239432454149128,3.139685394655304
0.26895960612568853,0.012899363642556125,1.3197188219910175e-5,18.566521984470544
0.030497561038673515,0.24293441815065225,6.270202903031505e-5,0.12635942717511262
0.020393237614254378,0.0262033353053415,7.08846399289379e-5,0.8143220563438003
0.25864053387195046,0.03384976023693474,8.739158275170612e-6,9.25552850451802
0.3501130244168346,0.037312726373060975,2.595609306400455e-5,17.748484713050807
0.15230036796920923,0.035367673390881274,3.3554549107356235e-5,5.314733881043962
0.21131663256154037,0.01698130657385123,7.037965424507216e-6,17.900939155502602
7.314453124999996,0.3877917038468502,0.014181013921489412,21.832068484288147
0.29640219020420067,0.025709341400138596,8.162701483693096e-6,18.062136488114373
0.0764049381093919,0.23061993249062643,8.054517213293302e-5,0.33441900976860484
0.04282434055256712,0.08746882729272441,6.910360428998561e-5,0.5011837126013193
0.2785060160730243,0.0491185980094045,8.577883120023533e-6,7.182435419751959
3.1477864583333304,0.006063905135774894,0.01154539422576993,31.145554212841652
0.18453743421862706,0.016314237677965207,7.547999370655983e-6,17.69351259328878
0.11590018896136753,0.004004958401392218,8.231208137202695e-6,17.370027466587366
0.3157838272013658,0.04831101895831686,6.8655116915803225e-6,8.162914197359392
0.23571526574007629,0.018852546818925793,7.015421592105715e-6,17.992373325802482
0.004616043547174156,0.3621043278983959,6.555871722787683e-5,0.012793741022822993
0.0063438547460232695,0.1156626601864514,5.7139344842094465e-5,0.055491956951956814
0.23869712412456653,0.038867572667566165,1.3335332467266229e-5,7.502003166965985
0.3186473795935188,0.013021576222489579,3.45915844176763e-5,19.04483062048442
0.12063165471856788,0.017288025832703443,1.4678913085242353e-5,8.712666465171345
0.18814288394037348,0.005638984603648958,6.961586814067003e-6,18.0404371937791
3.6686197916666643,0.27009229924426864,0.013102414735359247,15.89912525734988
0.2807993257894281,0.03285004254596101,6.0680683787982445e-6,10.77094692656269
0.0463393984117429,0.3688901185434529,0.00010038387818571667,0.1261966883269386
0.08132639378406092,0.004830938745996684,1.4514647657814147e-5,17.034851803817748
0.29864433983146915,0.04464625001701157,5.765208610902953e-6,8.255823682680933
7.83528645833333,0.1428496996739102,0.013056148323337874,31.33511646442473
0.214431019607296,0.03739027301560641,2.086894733500907e-5,7.0037127846582905
0.15662297660229016,0.013334604508250636,8.307468350951961e-6,17.541016116158932
0.3602208829932632,0.10035234086910154,0.0017112883512313739,3.9875194988068516
0.2613007281950295,0.018356096240806655,8.675504436511934e-6,18.276986829127658
0.02274746003438893,0.29349645866451834,6.941346012260752e-5,0.07789773783781664
0.0333430330145494,0.06710335553732116,8.672767505430805e-5,0.515073096129705
0.27141093825736895,0.043535495318424725,5.9869940870291005e-6,7.707436166182202
1.585286458333612,0.18102247954501774,0.017031549484687318,10.243850910566684
0.17314011499215368,0.1471055004633536,0.001410480366698578,1.2066871924789466
0.2266761457440887,0.014411709624167445,7.917811222381327e-6,18.13547759870589
9.918619791666663,0.33371359902944786,0.01591106308635512,28.053807458965125
0.3079884840003589,0.016636022701454162,1.044524857061019e-5,18.7822379442125
0.10131455676303892,0.03028026748804088,3.601222910432925e-5,3.8998896517612325
0.062400183820217545,0.10035973482816268,0.00010312571987080397,0.6366631177427333
0.2897514653260668,0.05932241590752121,8.23777182995692e-6,6.455822925314488
5.751953124999996,0.05377987997465931,0.012853905000629749,31.679187768639423
0.20174546152287315,0.022489095273733044,6.760279639450682e-6,17.427249901064933
0.13900806045472236,0.00019715473201226835,5.882628657268174e-6,17.622135554805222
0.33269526216303347,0.044045466157105265,9.419464012471608e-6,9.256274260135953
0.2503462247852888,0.01687231740082523,7.329151105407405e-6,18.26622674286928
0.013902167728975307,0.30726972296685706,6.094352949979674e-5,0.04544993891499789
0.00998460890593101,0.01958667039178944,5.365632998276089e-5,0.5435319629172523
0.24458871353219738,0.028139615767559224,7.464656203335598e-6,17.483058300096147
0.32500565347364035,0.034899625706541454,1.0204719293003671e-5,17.762793294814088
0.12991863828518524,0.05936697267544122,0.0005509296802471938,2.361040104308051
0.19509271462082667,0.014442412545736697,6.349447935218453e-6,17.86149956160748
4.71028645833333,0.3782485088790733,0.013315490530867249,14.128832586294566
0.2853084124665427,0.02191549143240475,6.717721059824308e-6,18.2211053228745
0.053962513578196536,0.25881258976414395,0.00012791466666850872,0.20996200664787695
0.09132821645148806,0.016511896771496965,1.6916701308074407e-5,6.222151028200722
0.3032189007435333,0.05954709498033503,7.382245852061431e-6,6.706103066427646
8.876953124999996,0.04741774999614138,0.017009887006649245,31.903697936865456
0.22058681080787748,0.02467162808219148,6.648200933699985e-6,17.44586129484563
0.1650539647848786,0.006888978495320846,7.464898575335118e-6,17.781305244496735
0.5440248232209011,0.3014251901018508,0.017804577458679142,1.856925379694574
0.26645906183659607,0.03237974991837027,6.435918383280372e-6,10.151123096162795
0.02779014515424416,0.4036077787952703,6.509692409660263e-5,0.06911275429612848
0.018139157954100916,0.18443510063268476,5.802033506018392e-5,0.09913425055864608
0.2559266250752471,0.06610082757446942,9.848628940035717e-5,4.397755810436078
0.3429807122062156,0.031084064694618257,2.109741455891498e-5,18.132463872912155
0.14791892711543161,0.023581379011938092,2.355937279212099e-5,6.7530984635777
0.20816937736631583,0.003795528395877638,7.781332811610392e-6,18.315272663671237
6.7936197916666625,0.23828164935167903,0.014966618427699212,28.796665180860913
0.29417788881918006,0.03225296578132137,6.6493342301046745e-6,17.620206188508426
0.07158743196679168,0.3159887729210873,0.00026684731109079263,0.22795715746189144
0.03949440218086084,0.04134201688082882,0.0001458977500986509,1.0942408122046872
0.27617997172319053,0.042368403824369204,7.490673050663152e-6,8.01017931087404
2.6269531249999964,0.16193608960946396,0.015455285555274591,20.614107410849336
0.1808371253667176,0.041974281938357144,0.0001401787481159969,5.446754477559637
0.1111034539973921,0.008206786409703997,1.032890014143713e-5,17.249045938420984
0.313072211082947,0.05437242420081377,1.0354048363406624e-5,7.381269045333354
0.23271580286086035,0.001572431334808863,1.476239452932648e-5,18.70846612132162
0.002944746920762807,0.21191025849036765,3.504040068930952e-5,0.013980854597517606
0.002129194540311818,0.19438629016478853,2.8202827136881088e-5,0.011025684148186561
0.23121058523480842,0.08778225089050304,0.0010672892200530798,2.8803694368700157
0.3117634924121174,0.02973023871353411,1.2776618413440398e-5,17.960785814655488
0.10868003682471966,0.10440079295970246,0.00016600807268093155,1.0728830119457293
0.1789501982879621,0.003445631973898684,8.106650599454466e-6,18.020813262082367
2.3665364583333304,0.24623431182482644,0.016202346664285817,10.943175269031782
0.27500316683969345,0.028659236745655382,1.0552852242560546e-5,17.698790801007863
0.0378952601210487,0.34508667712827124,8.389816265138348e-5,0.11033355475670403
0.06922897921930499,0.01226479623114742,2.2061952599603485e-5,7.06971238757154
0.29306989797251015,0.046760761289317346,8.806387786987087e-6,7.8184034872379975
6.533203124999996,0.16988875208261134,0.016129608642318098,30.435885628944515
0.2065810961097682,0.04523003367242154,5.596816144180868e-5,5.818359230063711
0.1457086649065758,0.007802996521026616,7.854422725109221e-6,17.573128615518037
0.34003493879030594,0.057052350021950735,2.1547655251008226e-5,7.668985240421353
0.25455004467547615,0.004528142702638811,2.5516780674671597e-5,18.789260704171017
0.017047302863243196,0.218462939072869,4.676291444215219e-5,0.07854877093820337
0.02648483017671017,0.0030096942755370774,3.991895945672371e-5,16.5454899022711
0.2651894817179986,0.032872296417751766,6.65906690108017e-6,9.871810142153304
0.401489251249157,0.036130861126077864,0.0002741105778413152,18.27644245178202
0.16297600382942706,0.026387622148471457,2.194103494355036e-5,6.533709117910718
0.21905528270172608,0.015683516919754482,7.144902606112213e-6,18.032119321237452
8.616536458333329,0.360752651438149,0.017723779752000964,26.094461102465353
0.3020607906795769,0.02218755990621827,9.367679016755475e-6,18.353920167280876
0.08881951730554369,0.13914508065963999,0.0003511449018740171,0.6497713609652858
0.05198048822937052,0.09869447264876705,0.0001360426553229153,0.5384992061984303
0.2841891390499968,0.0538886966959828,7.3304623763861185e-6,6.80855253686946
4.4498697916666625,0.0299218925552171,0.014851500146026875,31.533723102935454
0.19338566715987016,0.01925171363603354,7.79602074136951e-6,17.57998080200582
0.12761699854746594,0.005368997711840493,8.001383303999826e-6,17.457713376589076
0.3233193987517653,0.05146117270677386,9.883243666132615e-6,7.933524618010136
0.2431265612581524,0.023169790441419116,6.868433866339185e-6,17.764202972949647
0.009049958377392028,0.38604965848859457,5.597761157344492e-5,0.023523568712205463
0.012894639907813699,0.09701853765949002,4.53096781456728e-5,0.13494352367219742
0.24892192909841426,0.0394976575120522,1.3604988857062895e-5,7.700701284382303
0.3305996722936754,0.0434585861933535,1.0980156791049983e-5,9.31046333211593
0.13675244193040592,0.3975637310448339,0.0005050675839033702,0.346165555315979
0.200106438917182,0.013026258859349495,7.361803153366198e-6,17.941619553992414
5.49153645833333,0.35439052145963107,0.013356537373516844,18.080725343435226
0.28864429255559043,0.018395564579064404,1.662518378309957e-5,18.54480533412523
0.06021573248826576,0.22259616121887535,0.00010256259227920883,0.2728408564493069
0.09883148028789902,0.01756192388790913,1.8803771355417256e-5,6.270083919081884
0.30677202069703835,0.06694214012368097,2.5357852565697664e-5,5.302920046696946
9.658203124999996,0.07445680240484255,0.01605480627631247,31.81129662855773
0.22515869710534625,0.028687022190577526,9.16095657401609e-6,8.605202400638914
0.1711540174674831,0.0018320614052260897,8.133072883096117e-6,17.99487560375531
1.3248697917184449,0.22714792188927266,0.016085441085642947,6.411109997166569
0.27019122927529665,0.025091941434975486,9.736773365762363e-6,17.877210668629612
0.031902340620646466,0.32630826552083525,7.634567027456061e-5,0.09823832702691712
0.02155733377681227,0.10765057256347957,5.401844312260462e-5,0.20323046871787606
0.25997740789283086,0.045137093706000414,9.284780979859102e-6,7.1981460979568
0.3546330402776161,0.012142800214743493,0.00020689848302113867,19.482587332905624
0.15446958746042613,0.014975090688617637,9.494057900817068e-6,17.483851330629186
0.2128774947395863,0.006656825827202374,7.534530456989322e-6,18.25588434025746
7.5748697916666625,0.2653207017603802,0.013573498241036817,28.79916608150061
0.29752050128528823,0.0359006391868319,6.123930466645244e-6,10.154911217121652
0.07885505130233711,0.34650609149640343,0.00015584279765873288,0.22889514674504569
0.04455804877515694,0.016314747629440074,6.275604202654305e-5,2.953663376402472
0.2796564512122618,0.040441222161195084,5.635828748675538e-6,8.433500310813837
3.4082031249999964,0.13807810219002176,0.013700369514006069,26.611517868029182
0.18635171209967444,0.03316539386013746,2.123279507757637e-5,6.791830918765074
0.11827384767340958,0.014296602770331195,1.1961430539265122e-5,17.1676859394034
0.317194362181235,0.07416714117463298,4.2135402750872504e-5,4.87045709186511
0.2372086591594849,0.01195315628355409,7.971746355265972e-6,18.305128685461597
0.005472655283863229,0.2901114130081853,4.324882405548717e-5,0.018949367225298955
0.003773555274021764,0.04403191652277369,5.487296520159688e-5,0.08858006816909991
0.23421749057061778,0.02767108639485967,7.822427842650643e-6,9.99982061792906
0.3144111304835695,0.03658261659607311,7.129649786417834e-6,10.621423699500038
0.11351016026803495,0.23565681023202129,0.000524001945357216,0.4871164087863531
0.1826994109231342,0.015238480219899276,7.258693070008223e-6,17.73872137366845
2.8873697916666643,0.4021064962985155,0.01030519022880242,8.28574516783457
0.27734739238201833,0.0234349787584937,5.60610376314508e-6,18.038090076862783
0.04113693438139415,0.29377109339615654,0.00011636988671138853,0.1408534647508603
0.07398085838209151,0.024645785239419696,4.6294231485017204e-5,3.133777928785754
0.2952883275248536,0.054042622683764245,5.755273212175393e-6,7.033581143302662
7.05403645833333,0.020378697587440216,0.012999829991970161,31.97257731944538
0.20974756690106927,0.020289085351645093,6.654653004994926e-6,17.658635648461587
0.15011646548448113,0.004751990188862186,8.286108200385083e-6,17.68872440236609
0.3462974958249773,0.05153580381541716,2.167910684108595e-5,8.438829920700233
0.2572902109100851,0.026553492855357772,6.602794151874054e-6,17.696082054584014
0.019254165236644753,0.3762163399630129,7.223210911988862e-5,0.05137479978893217
0.029127283925557496,0.15342654125812852,8.413212858809696e-5,0.19182137652559234
0.26771566856876156,0.05674925225532085,2.3082907866774624e-5,6.20855201817233
0.8040381886020814,0.05855147462926619,0.014092755293171085,19.328813050118733
0.16711022515356616,0.01996481331475781,1.3438606309946381e-5,17.28970511257942
0.22211429742576638,0.001098071278329585,1.1297743913721257e-5,18.601826253241494
9.137369791666663,0.21124259694297787,0.015143418562476398,30.43381412109655
0.30438904961038155,0.030785014371619037,8.518131808110274e-6,17.848229641173784
0.0938354309411061,0.21910166597862235,0.00014170859185005125,0.4327151014886946
0.05599595417364024,0.036472212037966883,5.2597800999974605e-5,1.9952028104842592
0.2864235345901688,0.047498901113659134,8.44821993807256e-6,7.5632067813527115
4.9707031249999964,0.18579407702890618,0.015767600678827848,27.87803086703048
0.1967811506818755,0.06758344266068622,0.0005127973386969162,3.2334341537694087
0.13220806828011,0.008952969990784767,9.886527637638605e-6,17.43017734723429
0.3267722596883954,0.058778475191501506,1.7795490107499728e-5,7.238788735347265
0.2460424782332119,0.006443143796829301,1.300038004733941e-5,18.604567919891476
0.010936523460912555,0.23528988830492145,4.135251398825334e-5,0.04675433748534048
0.007230128104107471,0.13956368189867419,6.22586845562185e-5,0.052309391950348436
0.24018004743181595,0.04417481705093743,2.3517592154366047e-5,6.805078037034598
0.32014823185098584,0.021109643682283408,2.1405912509961184e-5,18.617437376001966
0.12297427590412444,0.020056505707961626,2.105671823433154e-5,6.763456699757405
0.1899116960288894,0.007567444582535375,5.813338413678705e-6,17.999989727257955
3.9290364583333304,0.2939502866637108,0.013880555459184799,15.479777335411
0.2819352862401586,0.035738595010932475,7.064197506325501e-6,9.588346952347166
0.04816960080942196,0.3946574992283058,0.00012600252137903557,0.12258770351578638
0.08381409812693214,0.0015575384878220243,1.4352752881443676e-5,17.092294358883873
0.29977484680021893,0.041973429089194464,6.741280767758323e-6,8.729359136041705
8.095703124999996,0.11581064726520904,0.013822051827224803,31.57797139481071
0.21597801257053933,0.03245625637741122,1.499687814730082e-5,8.002293742157029
0.15875932629513798,0.011367951059079362,8.89621070829617e-6,17.612636103071342
0.3676130617527197,0.0692561403399896,0.0003887504290155974,6.743273045039555
0.26261046895131923,0.014883345625833754,1.164304523470361e-5,18.437594341575668
0.02396467199255422,0.2657461140279911,7.679999237160596e-5,0.09068886604426418
0.014929614960201145,0.04838531671680504,2.4488643109992465e-5,0.32037665635135176
0.2517593785379806,0.034003530879469494,9.760645367061906e-6,8.945695188759519
0.3349431696801247,0.03888960568013121,1.6341364665033354e-5,10.664097487973837
0.1412527720762486,0.1294044081351166,0.00070269384169418,1.120547012643797
0.2033701922264361,0.009515929723816027,6.317931410992093e-6,18.067118583302616
6.0123697916666625,0.30667454662074667,0.018315932045308736,23.029338564985792
0.29085756461605194,0.0011904045935473518,2.8877004162076067e-5,21.922427680628772
0.0646321885603364,0.15466066808178858,8.648579277847538e-5,0.42335947607895913
0.03482108965043929,0.17015118235089838,2.8178014420443054e-5,0.20666676061172135
0.2726191739963451,0.06414239737821291,1.8403975151458575e-5,4.903543043818863
1.8457031249999973,0.07763786739410151,0.01641270154315086,25.35565651946728
0.1751016715170653,0.022579357740872826,1.1985055094362235e-5,9.241709696413421
0.10378467237209928,0.002110045520918697,1.1362873368126982e-5,17.281788957552394
0.3092243137819801,0.044537200195554114,6.2830629027108296e-6,8.547727814360027
0.2281906173518225,0.014508900364208146,5.8275841101541575e-6,18.14561245731995
0.0005362536155829227,0.3318211929001015,2.7068757684175742e-5,0.0016222499849597445
0.0007326655927707192,0.024176834910977107,1.9657559470119624e-5,0.03195803902580796
0.22856877408819415,0.02408496802777152,4.172298697459902e-6,17.590164548070774
0.309536560844318,0.033701914666733016,5.456581217694684e-6,17.690513968325995
0.10439997600277573,0.21636456723336805,0.00017139945939083622,0.4879060375185929
0.17558818877229343,0.013101300473142685,7.2374546043447626e-6,17.719681462793012
1.910807291666664,0.38182720699198963,0.011109809097522178,5.224727568668833
0.2729194954203077,0.019392682412522583,6.2331933453702735e-6,18.30517846762892
0.03519661540656428,0.2747237005182706,1.702274841352949e-5,0.12886724088558338
0.0651973598667799,0.029865705730126205,5.538905788144774e-5,2.256617870826287
0.29113401848086573,0.05059866337895991,6.153130862015027e-6,7.306510810935104
6.07747395833333,9.940828091434235e-5,0.005569681023993306,31.962049942124303
0.20377426911410818,0.017746593623555695,9.869654045317852e-6,17.77522621548501
0.14181223274691318,0.0033760929768615485,9.464867077739228e-6,17.643206984284433
0.33553249828000703,0.048960375425991916,1.5686283999271767e-5,8.54072576201139
0.25211085773187325,0.022737579739997734,8.857325924579389e-6,17.86802539173498
0.01518967616777158,0.35582067891605174,1.092658014411032e-5,0.04285745725214825
0.024273335639577735,0.160612298202813,6.55048871920378e-5,0.15259023252152654
0.26293578655667804,0.05720480945247957,3.026194418166509e-5,6.072795642431713
0.3699117645491823,0.028442962935659826,8.773097841902652e-5,18.523831061852214
0.15929060699198005,0.020299851373929208,1.4209366249850977e-5,17.198100761861806
0.21636382828320783,0.0016593909150588928,1.120626767788085e-5,18.499962158101724
8.160807291666663,0.21641182755052368,0.01219789280121779,30.292127742892475
0.3000586557459525,0.03072261220150075,8.574377772673718e-6,17.818559158986908
0.08443801408216,0.25891101100235203,0.0005037848100037294,0.3288140333879931
0.04863491077695645,0.05813448532735585,0.00023372503280911946,0.8747890046361333
0.28221827347126355,0.04733652510252554,9.171370411082123e-6,7.4811427643292046
3.9941406249999964,0.19096330763645195,0.012265779467032487,24.650101057033403
0.19035050170607837,0.18397565635152346,0.0019186510643555289,1.0536048306826566
0.12355764550256033,0.009634354546595697,8.644325227870517e-6,17.33720562461737
0.3205316262858335,0.059264175845902614,1.80969033339579e-5,7.072196718313895
0.2405498351949617,0.006516776265363872,1.250890006549137e-5,18.54656757298219
0.007454110900355858,0.24078996699608796,5.316555459197077e-5,0.03112941505840138
0.011177271149676492,0.13141915365181334,4.373676762718422e-5,0.08596751556823481
0.24640452244226563,0.04462169496357518,2.3952956620935343e-5,6.913165393586996
0.32722788108065215,0.01971127666062867,3.406889642172525e-5,18.81716420842818
0.13277858812020227,0.017606347789073558,1.420873062723034e-5,17.130225322775267
0.19720047494200277,0.007438388265013629,6.779119910565749e-6,18.073599681063982
5.0358072916666625,0.28639525731422083,0.011899404265989523,20.820144867866993
0.2867017523816926,0.036023438460605274,7.924679650442131e-6,9.684473201382605
0.05651233182642695,0.38521186431286114,0.00014454808057489204,0.14739540194434037
0.09446157081415665,0.0005859964121042607,1.1922236492408536e-5,17.20024994802243
0.30468365312689893,0.04190071466761581,7.10830373225418e-6,8.88140691211779
9.202473958333329,0.10825561791571901,0.013467322702504808,31.644532800167372
0.22249558784309648,0.032657481632526235,1.6707322231037803e-5,8.197416215430607
0.16762078602188807,0.011206596931213498,6.9495279729645685e-6,17.696991216153734
0.869141095535586,0.36274081703875394,0.017354874280629567,2.454675144332832
0.2680278276590845,0.015058916757320313,1.3226856418633806e-5,18.48008902382258
0.029466694024997256,0.25675456474398234,8.217322479865643e-5,0.11546491885615362
0.019536640576572735,0.06511546914178917,8.127682639471756e-5,0.30930790461143987
0.2576290437167519,0.03823216855938443,7.954437870844339e-6,8.185894910333737
0.3471983016849742,0.04126981959540902,1.582192374714322e-5,10.341431812218683
0.15066375831564674,0.18991934452044731,0.0008665890243934912,0.8060151856927815
0.2101406518627355,0.011579913877171423,6.546960464831009e-6,18.069540705754065
7.119140624999996,0.32456803718532834,0.011770720130950159,25.16248666089364
0.29556643305167635,0.011648451891823723,1.6158922240977264e-5,18.878803756581057
0.0745841807607235,0.14574842885683703,0.00019376953576669077,0.5196738473090616
0.04155452202035685,0.1841345149988033,0.00011249125027264516,0.22780397634909816
0.27763784960202237,0.08165190592632292,0.00023485936653837192,3.809785860259118
2.9524739583333304,0.09553135795868316,0.011687681553368228,27.91064145589384
0.1831611733832627,0.025434430147067966,1.2208898696633032e-5,7.874063750355398
0.11410922315013267,0.0031850092880066983,8.091937471535379e-6,17.367747086437436
0.3147509883680759,0.04693438055596099,6.831651686372014e-6,8.3264789795967
0.2345923180753245,0.017409958820023733,7.185923459240549e-6,18.090712773990113
0.003982877867189558,0.34972501176531445,6.160039495995532e-5,0.011430819395316275
0.005689068942966763,0.1865238813785556,5.3670705090612835e-5,0.03071799223614865
0.23758126035219193,0.06329611598069235,0.00010532943447485007,4.26823269527314
0.31755343792131285,0.02934322795320854,8.656141820988297e-6,18.02817233016018
0.1188647615611872,0.035789650115643654,0.0001409527787951859,4.166954467695371
0.18680164380544526,0.0030804343018862824,6.146243050975616e-6,18.118830298665518
3.4733072916666643,0.2386792824753364,0.01523903732836519,17.39999448914749
0.27994285371628946,0.02908706014662388,5.128891876250262e-6,17.70061480128774
0.04499886996641009,0.33526387962173665,9.647008385933964e-5,0.13489714782150325
0.07947108666657443,0.007595356069539907,1.7113505532756177e-5,16.96890469635574
0.29780089927117703,0.04664091167110217,5.450261793853161e-6,7.95047671350158
7.63997395833333,0.16233372273312133,0.01619462332243391,31.0428891562714
0.21326653128019873,0.04286954848302833,2.749769259441892e-5,6.2423455802597365
0.15500946532316762,0.0074582190770927795,6.925462459786617e-6,17.671012776191045
0.3559101960441823,0.05673465859770229,3.238913473004443e-5,8.025425212979798
0.260309510964545,0.0031897842269206804,2.0115195059135253e-5,18.949945627601792
0.021852384639693113,0.20988652685577927,6.463756660454971e-5,0.10486567863922544
0.032259090850849145,0.013864181715390025,4.4240234187962733e-5,2.559658755287118
0.2704972569103539,0.03645340980997655,7.734534862507306e-6,8.98361895127689
1.3899739583474164,0.1241609428620138,0.011333274667337644,13.967864996912986
0.1716528202532725,0.02978484493399855,1.9663373041387732e-5,5.987786109658977
0.22553834304436338,0.018301718180564898,6.501440875406508e-6,17.936749317338027
9.723307291666663,0.37864614200273067,0.012615594996092345,26.144263891979335
0.30707443807142987,0.0260909457692738,1.1176437255051973e-5,18.13008928570356
0.09945335733647524,0.11427821161004205,0.00015440599951779902,0.8940830899230898
0.060757281562818996,0.09806624877246183,3.636254761762044e-5,0.6343642166002303
0.2889212307996727,0.05792702947605027,1.4709037908238668e-5,6.550743218290997
5.556640624999996,0.04781538311979875,0.01805420766385834,31.683771809723567
0.20051759410482922,0.02174225682938283,8.894962217413384e-6,17.465943700198483
0.1373173686684731,0.006448878150535671,7.73897985686957e-6,17.52450814000435
0.3311107401955207,0.05399368717366909,1.244247411987992e-5,7.807047151414514
0.24927901405550637,0.026932805490844286,9.635874135383484e-6,17.605316379265915
0.013144694024688292,0.40406521137181023,7.371579691314094e-5,0.032642331554660134
0.009282035098492195,0.0772226146965061,4.821289327936078e-5,0.12245524914934273
0.24349284512065106,0.034703023281114465,7.039845728158211e-6,8.466515482906527
0.3237340283446005,0.04098077200141279,6.850220612321757e-6,9.643595964630432
0.12819358907554565,0.31325417772847264,0.0005560086660479643,0.41254213083828384
0.19381423046411667,0.010899832973829173,5.95747942176314e-6,17.943726009090664
4.51497395833333,0.33411123215310523,0.010947000704583947,15.505652783817514
0.2844693861478836,0.012731268732398503,8.268480937760688e-6,18.720804074562047
0.052471178128116434,0.21072814509271387,0.00010919980032179513,0.2511737304168891
0.08944661806607693,0.01887030213123743,3.4113540528123885e-5,5.121647530462013
0.3023492727090453,0.060873435750705224,8.236676736494983e-6,6.583722654551728
8.681640624999996,0.05417751309831668,0.011390147566249634,31.89319535312609
0.219438569537396,0.02517269856265527,8.14501913832112e-6,17.383084390090232
0.16349747213435253,0.0002479933551354348,6.75118401279679e-6,17.831733384744986
0.4137858075927592,0.05033718074371452,0.00043611225313875074,10.196492319514991
0.2655081075902357,0.021257178445911754,6.040326675658715e-6,18.090235522448502
0.026808245403406695,0.3062954723900372,6.37133783433121e-5,0.08795860476414438
0.01731814437495474,0.11412565949079792,5.194675224013401e-5,0.1537915404382867
0.2548953902598662,0.0444233883452779,1.8371970905995515e-5,7.156864452355208
0.34074176770273457,0.014626952748607152,0.0001097497577607701,19.185043232153966
0.14626237938689737,0.015382418350460442,8.720381120432144e-6,17.378732672165427
0.20697916703990057,0.006734292266963655,6.688443273161628e-6,18.193374723276488
6.5983072916666625,0.270489932367926,0.009182048442374642,27.07609251636263
0.29334671792190686,0.03568572741854029,7.450739932655994e-6,10.058580423788825
0.06981509159089713,0.36085653437624887,0.0001579371813944464,0.19450207694577037
0.038291060257126926,0.02492792457851143,6.600648317944102e-5,1.6069290697262746
0.27529827909650206,0.03994460463568018,1.0178360932504783e-5,8.397253262531846
2.4316406249999973,0.14324733279756757,0.009437339786479648,21.94879646671306
0.1794242553678549,0.03446807008160197,4.0756248523284276e-5,6.337348780605998
0.10928744751731692,0.0165977419071544,1.8501824523064345e-5,7.900931881049541
0.31208802047043405,0.07852938010511251,6.138792840012268e-5,4.497731265017395
0.23158720311321596,0.011566735813792103,8.92669467588307e-6,18.265877467878475
0.00233186236595588,0.29543206231866864,2.8496175157325933e-5,0.007927212944524375
0.0031506900259419468,0.10841406550363604,3.458851199953603e-5,0.029415369473159356
0.23309156911074635,0.03578011941278076,1.1311709843596735e-5,7.8806237235125
0.3134039773788552,0.00821407736009904,4.8526345591713046e-5,19.257571133711714
0.11170670118818768,0.01833643438471624,2.080530217891204e-5,6.840079239104153
0.18130499457073962,0.004758999638562526,7.795180947245156e-6,18.000825153498454
2.6920572916666643,0.2625372698947786,0.01068516291231109,11.750984948642952
0.27647268409849995,0.03089415897642521,6.235463411538187e-6,17.607072099974538
0.03990090876474787,0.36190759252607485,9.91989472922645e-5,0.11074954125970304
0.07218267241777235,0.005093808962234748,2.112373451344145e-5,16.947804293032124
0.29445523165056225,0.04316652879637848,5.944318909239018e-6,8.377770706585146
6.85872395833333,0.13529467032442016,0.010292409290437461,31.16933073818032
0.20856483229637007,0.03470753833118954,1.71900290347365e-5,7.271419952269241
0.14846953758766163,0.012593701768678248,9.10740630402022e-6,17.488298481180237
0.3437710543197939,0.07494253907911129,0.000307477594940512,5.253741622059497
0.2562687516603613,0.01596452090792069,8.212216321367191e-6,18.346414528379533
0.018415704361067986,0.28635607293513826,5.199101303787555e-5,0.06463464684335155
0.02812139588694008,0.08899194790311883,7.009258939762335e-5,0.3224119588989812
0.26677441880451724,0.04473026631559094,6.764042030684534e-6,7.423764137914555
0.6088133919010085,0.19887876460364506,0.019576390271569464,3.2621574942675347
0.16557010340585626,0.36231753395326627,0.001468553214875015,0.4606040562936784
0.22096904371120807,0.015156415994741141,6.5467818459372376e-6,18.063717990301754
8.942057291666663,0.3516070895940295,0.013656013424732572,27.045465468614847
0.30351024878515237,0.020558763602052842,7.479973153989561e-6,18.50334427841903
0.09195530747918834,0.10452721366937165,0.00015932391306934475,0.903818980899059
0.05446605478044922,0.14097100134092136,9.66139687311051e-5,0.3918972619361972
0.28558755373825045,0.0636882518946431,1.3636885630512299e-5,5.239954914302451
4.7753906249999964,0.07167337053924096,0.014052346861467339,31.112580264929132
0.19551652766315708,0.023677351706495167,9.138079487338633e-6,17.299107096269697
0.13049211585640674,0.0014018726581669077,8.696309658396797e-6,17.558585271491815
0.3254393235342884,0.0453688221012873,8.761063329774154e-6,8.833065284810214
0.24495296995263788,0.01744767638470269,7.7606386352334e-6,18.189468966712624
0.010220945481245292,0.3255244877418548,5.6811458377321406e-5,0.0315299130589551
0.014157133452049917,0.001391745044339392,4.4604457890408676e-5,16.43745158593712
0.25070058115654614,0.027905032067546742,4.027163447433465e-6,17.560615583102777
0.33324185461059114,0.033001341264654975,1.0651418336708946e-5,17.952062336652382
0.13957026319109928,0.028804699099554586,1.882211819813523e-5,5.018743680509763
0.2021529415158281,0.01350721232801191,4.907427333385533e-6,17.946095298005925
5.8170572916666625,0.3579692195725474,0.013910552711131233,18.970621533762447
0.2900280588024382,0.019398833264828646,3.5440594311568955e-6,18.47147927959533
0.06295380793469088,0.22200083530949935,2.4102096450985345e-5,0.28605183784347393
0.1019333723353149,0.010857951895880243,1.5558380368523522e-5,17.12382834615578
0.30829554012683974,0.0565096257403256,6.661669137100695e-6,7.07254968089305
9.983723958333329,0.02713846068961551,0.01140248810756257,31.959129755894082
0.22705504040262425,0.023907914361547072,1.023481501204326e-5,17.582642972944033
0.1736328190381637,0.005830780292960594,7.198235723550464e-6,17.890886052676464
1.6503906250000715,0.2816236598303324,0.012588793545682146,6.306234220459076
0.27171405475580385,0.03169280994275361,5.188960972347862e-6,10.932467684032135
0.033708986770856535,0.38251734082862565,7.148729321548956e-5,0.08848668470640797
0.023049181400015755,0.18854303826911545,5.0730967855292476e-5,0.12323762654008213
0.26162943578603987,0.07214202191353235,0.0001652739395843287,4.08091989809278
0.3618565746806787,0.03244019567662114,6.110979829152335e-5,18.202880832348207
0.15715870948800337,0.02392557921960052,1.670336688193769e-5,7.109800739759448
0.2148183501796574,0.004631311795674821,7.303713720006881e-6,18.353349146667693
7.900390624999996,0.24345087995922485,0.013499794469961844,29.65171841150596
0.2989262953661507,0.033725390498987436,5.50987626008224e-6,11.451276344960903
0.08194697573652601,0.30840613366367553,0.00011168034869573119,0.26749094193109907
0.04679232518659454,0.036403885838788536,4.5928477211132764e-5,1.6474784270775094
0.2810839384563578,0.04413673075358707,6.256276448473215e-6,7.87504877782972
3.7337239583333304,0.16710532021700977,0.013632652865170194,25.552980071803816
0.1885871519126276,0.04384966072226431,6.68161377907301e-5,5.476194891304783
0.12121870532538784,0.00798468610993274,1.0728579461311623e-5,17.34494467540157
0.31901788138918596,0.05552192637802799,9.514543912090959e-6,7.390525675316503
0.23906839972136953,0.0026977117237400295,1.111181120579951e-5,18.715829239957486
0.006563990417664182,0.2168501089067162,4.47243365748754e-5,0.03045564945013065
0.004828854634387199,0.0538751924832941,6.42887902745567e-5,0.09205223247088637
0.23608904499337682,0.029342743992808853,9.834205126918267e-6,8.867452966641164
0.316132743020726,0.03783693388963834,7.355170965923957e-6,10.238925194636671
0.11649512118885455,0.25640637866426447,0.0003534250464695529,0.4596917429218152
0.18499320682084514,0.008475582701044471,6.499940226055119e-6,17.924709356662632
3.2128906249999964,0.310253244733663,0.01397026288011425,11.571673470826338
0.2787943683279636,0.002918263755716022,3.0449629995379817e-5,19.287792317526335
0.04325337267650117,0.19455035829982115,8.260773805820466e-5,0.2243586603393154
0.07701521120597257,0.07750929169248844,0.00022150885267192586,1.038454166605764
0.2966813097718995,0.06886372471860897,2.6725314851069925e-5,4.9293633223103885
7.3795572916666625,0.08121656550701783,0.013447802605861092,31.737909900781258
0.2117075823700118,0.026898956327262084,1.1309354850148095e-5,8.793324570604689
0.15284409276416028,0.002095149565471669,7.695532813276249e-6,17.786495982382938
0.3511664070242353,0.047515140386617756,2.0281393627056935e-5,9.131245283934177
0.25897601868396336,0.022550253896498784,9.524617494068001e-6,17.939430957934654
0.020681877193450146,0.33456276903552074,8.027193334542878e-5,0.06208730238860023
0.030845466993446907,0.13659991522344828,6.730122459368895e-5,0.22863687712505493
0.26926865149350104,0.05343756212747291,1.4113570003586315e-5,6.525349210596369
1.129557294240842,0.04304378563591019,0.01586209062290164,24.07104302287621
0.169648611335029,0.018506115026387694,9.656675230861e-6,17.416373349749737
0.22401859006261668,0.01069620319756738,7.260838323950205e-6,18.22407903684006
9.462890624999996,0.29752898477662715,0.012604170761200607,29.069384137789356
0.30587112320023263,0.040590985941389865,6.205282643557494e-6,9.176644349974264
0.09696192281459892,0.390435837172006,0.00018123102799002074,0.2497313142189832
0.058609677405883645,0.004243735276894567,4.5662408202696835e-5,16.8259821058439
0.2878127238340678,0.04020144642181089,7.527567916669407e-6,8.71780947281265
5.29622395833333,0.11938934537812537,0.013313985557498005,30.621784530491688
0.198867135968855,0.03047780239968111,1.9349895789406838e-5,7.824812577649489
0.13505354456757207,0.011487189982295858,9.478746199897264e-6,17.399776412033578
0.3291129137357701,0.06656063232682129,4.365018070830207e-5,5.943412821384241
0.24784677225903426,0.011828107995711497,1.1131834545256566e-5,18.408157319975743
0.012151635760524249,0.270873981158311,3.1637747481869006e-5,0.04509010289901101
0.00835994573016165,0.16224829774370048,5.6876355936493376e-5,0.05196032182808681
0.2420248884553628,0.05109707497050829,3.505882204081205e-5,6.127080435796496
0.32210114045139304,0.025995482373705067,2.1162753366524043e-5,18.265524931582142
0.12588234678388088,0.023168492368785785,2.2474335601007384e-5,5.775171467579112
0.19209255115029306,0.0010939793398797582,8.418265651483243e-6,18.247323908044347
4.2545572916666625,0.2148212950558942,0.015415898401744286,23.665467430797484
0.28334652734070864,0.027053740579980647,1.0101899119596203e-5,17.877964646336324
0.05052761292684834,0.3066712728114134,0.00013452191760140352,0.16571418429931928
0.08693942281638664,0.009364384624217532,1.5955960760837138e-5,17.00383898926298
0.30119921062183946,0.05021106006517518,9.25442681405522e-6,7.582654240975258
8.421223958333329,0.1893727751418225,0.015012255549383307,30.797349517823868
0.2179036861371184,0.06462876650613184,0.00033962762057734055,3.791029892163438
0.1614039282436875,0.009474326727491501,7.550859896228525e-6,17.683061811377485
0.38260605873852005,0.06417874215196662,0.0002645028449544705,7.8126490900961905
0.2642286311781652,0.010320298390126135,2.1421907824008882e-5,18.62543328753081
0.025525966563738678,0.23658791715370556,7.803516307561254e-5,0.10859294170766176
0.01624308079248071,0.045227648653217045,6.741193406859674e-5,0.37515007291983693
0.25350928914273896,0.034257686231250736,6.984972307511036e-6,8.941861002441586
0.3380170455181644,0.03875407248625535,1.2279987566869265e-5,10.847650623007072
0.14404307479769762,0.09594624159172767,0.0005319737093380291,1.5678188680973033
0.20538265724703395,0.017795758457288875,5.800628419207103e-6,17.78642684278548
6.337890624999996,0.40568519441143186,0.008251426091216185,17.939650727901316
0.29223994832986316,0.027397811280972795,6.912186372734788e-6,17.931700217657358
0.06748546627059772,0.27397714329251005,0.00017392389945879627,0.24807837040270136
0.036723468934839854,0.11277517790047409,0.00011696552288494508,0.3308569688395926
0.27411406453266535,0.05095479534634973,1.070738521034942e-5,6.878432410807586
2.1712239583333304,0.023957395700356546,0.011915232557320528,29.585493913877443
0.17751868888197625,0.017271775821492297,9.216734973226845e-6,17.567071517414043
0.10685167512152263,0.005687108339748996,1.0006235618488972e-5,17.25759556349065
0.31079985156330225,0.04979693682860754,7.391598578682344e-6,7.8555326250869495
0.23007953301076342,0.019325435738206106,7.13029803475507e-6,17.90731754128757
0.0015259849408223594,0.3801206639331325,4.2980205747145265e-5,0.004027934792338794
0.0011277793485254704,0.1764812800596696,3.600555925705594e-5,0.0064365942366222655
0.2293245301219043,0.05346614258449702,4.280767716107469e-5,5.636274572710311
0.31016526594407257,0.02690219310064525,8.683475928278468e-6,18.108100886911735
0.10562776313571057,0.07833482598089485,0.00020136576183775147,1.431684388033418
0.17655655561517478,0.002010206950576009,8.728736205586177e-6,18.045682247545386
2.0410156249999973,0.22834082126024477,0.015005106063386248,10.169214278733495
0.273518107301027,0.026166689337956794,6.0884472018924894e-6,17.846715317308856
0.03595504484001766,0.32675515754520174,8.862690964259588e-5,0.11058063965624615
0.06633602054817624,0.02694076137384294,5.812843046897575e-5,2.557776982977262
0.29168693355534187,0.05057991043372395,5.445270054123643e-6,7.321282998594665
6.2076822916666625,0.20289230134617303,0.013996078373189747,29.264373041559047
0.20458001374548734,0.3900292166746023,0.002314815296340014,0.5289837470100593
0.14292906552824824,0.01004301235887455,8.378261862172786e-6,17.505522343054043
0.33674797804311624,0.062431176805025336,2.4949452264001573e-5,7.117736611784882
0.2528115861156238,0.010284642698946474,9.888179565404576e-6,18.51354868956678
0.015713721849557775,0.25204327894428014,4.908333734260634e-5,0.06269815323422673
0.024896019541921045,0.030137794653932255,5.097463134318021e-5,0.8582601055533032
0.26358389010004846,0.03612498654498665,8.439813713461487e-6,8.826124970091893
0.3753677240599408,0.038766150704598046,8.781011658282639e-5,17.858136893049625
0.1603496658401772,0.03543755011752103,4.146359421607441e-5,5.569607870587856
0.21713441755752483,0.018289977894361313,6.840592425548399e-6,17.859231336450257
8.291015624999996,0.39375620070171075,0.012794780413884158,23.941572742120606
0.30062782888795353,0.027341474205315016,1.062889046599606e-5,18.00330953834226
0.08568771441642704,0.2107584446480497,0.00017626780839397256,0.41082450772002344
0.04957494434435343,0.0834284824902494,7.6873339949737e-5,0.6099945481419451
0.28278311808025397,0.050831297938390176,9.705234603217659e-6,7.0898101647754
4.12434895833333,0.012028401990635443,0.012628104382930553,31.583366377533657
0.19122413235337304,0.017444038848734127,7.932164754843985e-6,17.68099851035724
0.12472172698694023,0.00422853501358078,8.71347536188786e-6,17.455073181357
0.32130896659390673,0.04937455049081144,9.097467805873328e-6,8.153107784662224
0.24128820358057093,0.020837079761606724,8.709207248286049e-6,17.90361551036584
0.007905030858784166,0.3680481088781785,4.795349710439878e-5,0.021556016816690025
0.011662158415782952,0.06637164663747859,4.1729530837491775e-5,0.18026743495880682
0.24712685502144727,0.0345702308497269,8.861625359804475e-6,8.627560463621109
0.3281574015185765,0.040249024881041526,9.585322148039055e-6,9.983754469352313
0.1339174778794874,0.25143132142777797,0.0012844307519066622,0.5397142638153116
0.19803589885658468,0.010443737877764042,7.122643252370007e-6,17.99394267835259
5.166015624999996,0.3237727709380136,0.016689342940166906,18.66697470427007
0.28725759434862785,0.00997306754471258,2.7906851270825644e-5,18.870933477678463
0.05755465984332761,0.19112242782762306,0.0002598360842126419,0.30415854222877137
0.09571268523074442,0.023913534595779103,6.697563691469285e-5,4.194141267432496
0.30527552231098,0.08144896614326025,0.00010491513654875139,4.225844686550226
9.332682291666663,0.0947360917113684,0.016872345627520234,31.75338625972838
0.22325751111590075,0.03086760783402085,1.0767270080507001e-5,8.720196704806044
0.16863760700632285,0.0032641237415717054,8.106542376703005e-6,17.915379669313516
0.9993489931360916,0.24742721119570396,0.013929240101192683,4.242679394727168
0.26864979088558205,0.027001308194486182,8.24683374607739e-6,17.763468214317356
0.030151811261414713,0.34748281964119165,6.9711982882309e-5,0.08716009506508487
0.02010616178899777,0.12870475802271314,8.747168783642547e-5,0.15808722233542902
0.2583042081033079,0.04823563760071507,1.3834681291782447e-5,6.799846483031818
0.34910297038538457,0.020603976928366425,5.689082299332616e-5,18.955417317726692
0.15175572597903014,0.01678052620439567,1.0950747102850686e-5,17.34833649441382
0.21092517030029923,0.008344377165455876,7.112065770568312e-6,18.176305096208353
7.24934895833333,0.2855999910669061,0.013351231207374706,27.554339611589526
0.296123348395434,0.03782504368611745,6.219071390361576e-6,9.514586147041861
0.07579629300822696,0.37861975801873116,0.00019858090445584037,0.20123249158182693
0.042398202735956875,0.0024511133434336153,2.8919104468063037e-5,16.698545237942138
0.27821715193831853,0.03668190757177855,7.244572281303684e-6,9.192447588903763
3.0826822916666643,0.10746035166840427,0.013203906669150712,27.59236315520573
0.18408017692938414,0.027228947406944752,1.5918032073892495e-5,7.20427944818554
0.11530423258141329,0.01175889234372204,1.1783579610149897e-5,17.22305256684748
0.31543727344211725,0.0625221798729866,1.4505547060804794e-5,6.70753342387906
0.23534121300701988,0.008215536385848545,9.59023146885467e-6,18.422050273424887
0.004404115075312544,0.2593795095462585,7.020439642646343e-5,0.017065193262071253
0.006124661079789091,0.01371899344086234,5.3672265097044696e-5,0.4908651729491893
0.23832550243779815,0.02552272062324421,8.319483527829981e-6,17.567898166968085
0.31827986326629254,0.033490288429317346,9.30154874219574e-6,17.816354199052775
0.12004365457582288,0.10029985855533208,0.00012589044764560066,1.2406801717662161
0.18769721803820533,0.013248384567109464,7.766900066425147e-6,17.827731060159064
3.6035156249999964,0.3714887457768979,0.016629924599264944,10.707578604775218
0.2805142809031483,0.019686957454588316,1.1075596194786455e-5,18.354158127224395
0.04588952577908359,0.258343889676762,9.628128704175314e-5,0.17882433643582568
0.08070683416717339,0.023260341749494595,4.480976726870256e-5,3.6390085392744735
0.2983628007310286,0.057747528078273574,1.3128892009149843e-5,6.758721564263231
7.7701822916666625,0.04065798689396609,0.017231159830829595,31.927503936584728
0.21404328111873755,0.022851607130465426,8.77654661045371e-6,17.521958934481106
0.1560861788556399,0.006176869888779512,5.47782373947401e-6,17.710468584016045
0.3586935652020462,0.05433749281249844,2.6532054726610057e-5,8.355225762431802
0.26097117151322374,0.029932068008992348,7.845305916627584e-6,10.22944605324503
0.02244743127712298,0.396753502551759,6.871416579928133e-5,0.05678690508504928
0.03297941435680752,0.17243940157583948,8.794330083147527e-5,0.19308782155629478
0.271107104504396,0.06445813630545855,3.503686323948911e-5,4.834664257517854
1.5201822916677077,0.07883076676507363,0.0164394413067665,22.878425156905003
0.1726458762610455,0.022581621683614404,1.396794274031712e-5,8.95872422123163
0.2262970655240812,0.003913405046294007,7.5371856193170834e-6,18.505537833724148
9.853515624999996,0.23152188624950373,0.01497582250344016,30.225554652740925
0.3076826372491127,0.03372865648550677,6.791737618653481e-6,17.659620463642707
0.10069492866957022,0.23668436308104066,0.0001691674991698263,0.4297857885202613
0.061849534606676186,0.012365799873266357,3.5750924799447025e-5,5.922844897500033
0.28947480462500697,0.044459010791109546,5.738509035960685e-6,8.04629580868461
5.68684895833333,0.1551763265072887,0.01348771542990506,30.099361787862993
0.20133708832700792,0.03882334928533593,1.9012255179383236e-5,6.400437228754164
0.13844517704696802,0.006810311391094934,6.691681542040954e-6,17.527107668288803
0.3321581539941094,0.05473458454458395,1.2800869318243055e-5,7.747683798350886
0.24999117175480318,0.0006661482841899835,1.2177681056764325e-5,19.06088744818826
0.013648446793187108,0.20408433009026655,5.965076840792521e-5,0.06734375958033403
0.009749351190813577,0.12121500002713818,5.242370915823505e-5,0.08135679714794478
0.24422393285706515,0.04184141111617143,1.0195621454033372e-5,7.213477732970148
0.3245769947246634,0.0160776362360875,1.8105070114988096e-5,18.958552213168684
0.1293443981609153,0.01678512829338861,1.3082864649961357e-5,17.124053107544484
0.19466773819783637,0.00645594668460797,7.82235515981054e-6,18.07887453012882
4.6451822916666625,0.2760567960991292,0.013351231207374753,19.96651932706936
0.2850290116456153,0.03452137630868064,5.2656777197819906e-6,10.129801088273844
0.05346218781146467,0.3740092524821608,7.980272580732085e-5,0.14361728550375719
0.09070103056517613,0.004502322977643674,1.4092240736739012e-5,17.124349495302248
0.3029283045475367,0.04588292019743779,5.313682635850936e-6,8.182940989374618
8.811848958333329,0.14881419652877076,0.013262668489899687,31.437617324375573
0.22020432575062782,0.040114582856114626,1.2902504438213569e-5,6.776809581063594
0.16453646928317675,0.014112278322047415,7.203398516536667e-6,17.597306213320795
0.48167074665231097,0.4029080122619985,0.008991295817190633,1.211461883099529
0.2661428937594474,0.020520967032586348,6.995493898846564e-6,18.152006772569305
0.027460883156290916,0.29885335640066424,5.8284149301177886e-5,0.09235758684484435
0.01786405834493498,0.08095240630766966,4.52164782076989e-5,0.225062727447558
0.25558368593047603,0.0395990169902545,9.150294377697327e-6,7.879179369581131
0.342213358166799,0.04258150308159397,1.7008062798065993e-5,9.827478381487053
0.14736752221078686,0.3012597602414528,0.0004845509538319732,0.4936632686787188
0.20777329190127522,0.012587423811116561,7.144351769959955e-6,18.02004952850179
6.728515624999996,0.3396780958843084,0.014961249841140885,23.14789518324958
0.2939006987704371,0.016065310514185846,1.8222072731793325e-5,18.6763557548544
0.07099437934212623,0.17894013398848563,0.00025730316799125726,0.4014020662906138
0.039090607617310105,0.14834552620146718,0.00010176104926704654,0.26664310060601926
0.2758866727207857,0.058633421317091435,1.9240262549285832e-5,6.227512935158254
2.5618489583333304,0.05974437682951986,0.014089300062504782,28.87676390047134
0.1803677153268809,0.020946015084829964,1.0804493675819063e-5,17.33973724922255
0.1104991607324157,0.000660153179662531,9.11876867221262e-6,17.35141890011538
0.31274233036314103,0.0431056132923352,6.20750561152678e-6,8.884557725481253
0.23233981644985663,0.013505238835920638,6.870720310941685e-6,18.211535919006508
0.0027396322233960236,0.3137943957322119,3.051990937739375e-5,0.008766469339954445
0.001927329789397649,0.09175535620827782,2.9370494253946406e-5,0.021304872290224063
0.23083376527989619,0.0325929713795409,1.510790127156399e-5,8.53060967392683
0.3114406520357133,0.041195464695278114,7.484662676403413e-6,9.215851293215895
0.1080715986850251,0.3837005430212114,0.00038302180501054563,0.2833397649566344
0.17847458607431999,0.01076379229624521,6.498283352330051e-6,17.807184389294505
2.3014322916666643,0.3476307583574558,0.01397940976098559,7.062876470257337
0.2747074326908897,0.013852365300623325,1.741548197724668e-5,18.58447385189881
0.03750207736879468,0.23801341343654092,8.14391415663571e-5,0.1586585571492543
0.06864530002282772,0.09628494775298145,0.0001015198507409527,0.7316194466272523
0.2927931724971905,0.06330593979353528,2.0505699855606655e-5,5.612938967767221
6.46809895833333,0.06769703930266725,0.01508267694963841,31.713512849219015
0.20618233159136967,0.024531075577030523,1.0930745852936315e-5,17.32316957079457
0.14515420282712063,0.0011462075423085713,8.595797748761133e-6,17.728347156666366
0.33934588204265037,0.04573107430471401,1.4435063201043564e-5,9.130584120662174
0.2542039084093618,0.019569791725181317,9.857893921932583e-6,18.113566133568828
0.016777853843669626,0.3211422063399631,4.408502344501114e-5,0.052475463636230124
0.026163324742831097,0.09893432847395922,7.376809911051644e-5,0.26910466104438246
0.2648700291866438,0.045494745879558735,7.932001079374506e-6,7.277885691554098
0.39335538730290165,0.006355286000869048,0.0005948810907215308,22.366878545956922
0.16245324527010538,0.014661698531741166,9.16419834726464e-6,17.569825567540427
0.21867171236285454,0.006412278411229235,6.664984065734515e-6,18.325106499340286
8.551432291666663,0.2585609386582049,0.01333328139537395,29.641502124148708
0.30177296769247763,0.035881095355439124,4.914653232881475e-6,10.343116283269467
0.08819257325878546,0.3235180491199162,0.00022183725220113878,0.2744101623261291
0.0514930019237613,0.00959128469952693,3.2105021472093646e-5,16.69540424325892
0.2839085875588468,0.040667083690529175,5.104517671395747e-6,8.515515322476908
4.3847656249999964,0.13131833908784646,0.013262668489899822,29.222573764149057
0.19295587651320495,0.032089424779474705,1.3569423258183468e-5,7.233950747222531
0.1270396024135229,0.012818822649013179,1.0688275656428161e-5,17.29496641589376
0.3229091356016929,0.07066868454401116,2.5776906681307733e-5,5.251823951866882
0.24275979950800214,0.012244606434333463,6.958644912304879e-6,18.346651784531645
0.008818923825629162,0.28313374259835195,5.6697883163925546e-5,0.031296171182921405
0.012645786006251027,0.19940011774252306,5.80220097279747e-5,0.06386522726568283
0.2485641868843015,0.28163665135997584,0.008085706600897694,0.8939397518442707
0.3300965601063667,0.03228372788416468,1.546509726024397e-5,17.965957311167315
0.1361868310081915,0.028754960467027555,4.777380392970907e-5,4.904002589737581
0.19969432222245737,0.004720861833744968,7.162069182081113e-6,18.194547087502798
5.4264322916666625,0.25219880867968697,0.014445168615428682,25.02759843282681
0.28836723684208354,0.032632915768955995,7.623906976496771e-6,11.64586967941627
0.05967726786611194,0.3439825423242595,0.00010201820174026728,0.17442081605755633
0.09820892311519624,0.006288178497940914,1.2304599376552959e-5,17.165823448730887
0.3064706827449273,0.049260064544669815,8.52368092829675e-6,7.821445128010421
9.593098958333329,0.17585324893747187,0.01430855531172851,31.039748321293253
0.22477885824965882,0.05146335950675645,6.594817651462473e-5,5.6953424548519
0.17065370896888948,0.008950498335106158,6.683443730508848e-6,17.779489145168466
1.2597656251903933,0.32854436842190204,0.01621986101504811,4.009174751210585
0.2698844568063572,0.008325652284310111,2.350379867554927e-5,18.768193883222484
0.0315478347391666,0.22081627790821515,7.181104768257723e-5,0.1439070863791187
0.021263909554017753,0.007820690148433996,4.740698123280496e-5,3.350572313562725
0.2596444573274859,0.031787354484781635,7.213007529997512e-6,10.065572025690582
0.35342104037627287,0.0349741558673685,3.483091905540955e-5,17.998482177497408
0.15392872050348716,0.02818786769290696,3.1495882178387993e-5,5.6878437138806754
0.21248799991391293,0.015341378330401277,6.592536759782462e-6,17.98585210227418
7.509765624999996,0.36671714829300955,0.016724290852279156,23.579991617247416
0.2972404484644453,0.022448982477150076,1.1777789659921102e-5,18.28877478232677
0.07824034307650077,0.19386624164078978,0.00031990787681373953,0.40800743205928214
0.044120205793146336,0.117760387530734,9.373449300451321e-5,0.38074268915770304
0.27936957608332014,0.05408650476527903,1.1531003730137656e-5,6.6856364816679275
3.3430989583333304,0.03588638941007765,0.01601199102488103,30.806224272953514
0.18590033574433346,0.019069628821912387,9.22726331913855e-6,17.525280034073525
0.11768194233770249,0.006034113306643397,8.544122252781498e-6,17.349597458487196
0.3168379381569896,0.051679119723183266,8.593766017696584e-6,7.762192100407562
0.23683575026418005,0.022046133332298497,7.706863872988245e-6,17.784042541923014
0.005257153250672318,0.3920820914828656,4.698445584285566e-5,0.013453056616243119
0.003565087580202843,0.1459353567879526,5.699465534237242e-5,0.024649651243699874
0.23384241895622443,0.04354353506893721,1.4896281487040267e-5,6.714154659487786
0.3140733813289053,0.021843818988511628,1.0795446104181997e-5,18.494938995657968
0.11291005369690801,0.024954138205130826,2.718453394071894e-5,4.734900608419084
0.18223613139913114,0.007554826036684673,7.65049317504486e-6,17.927952286427377
2.8222656249999964,0.29991478351857137,0.013218727116826395,10.462045544712986
0.27705638524851195,0.035161230542565765,6.267987885965698e-6,9.575785149498575
0.04072215163402785,0.4013829159033306,0.00010621639751019937,0.10187279231062582
0.07337945330652626,0.0029195024894254477,1.7629931563570726e-5,16.974918603000944
0.29501043576099834,0.04182242383467427,5.561410226645546e-6,8.622662630824026
6.9889322916666625,0.1217751441200696,0.013127646854955547,31.362958355938268
0.20935391192914168,0.032285836523538,1.1899877229482843e-5,7.795294810609713
0.14956832107352802,0.011582044625398781,6.91963001341867e-6,17.524915640885204
0.3454275046250302,0.06849818757412722,5.2906886219246925e-5,5.950348330296709
0.2569505487712336,0.014300658064366747,9.280250600140197e-6,18.4064159350361
0.01897319374153231,0.27258193474903264,7.377453159668421e-5,0.06997744041206547
0.02878994472950471,0.048653306501711645,9.877236890410133e-5,0.6206203361288742
0.2674027174082519,0.039759173728263604,9.13637464565546e-6,8.198575104581835
0.7389386577756449,0.15994785789838675,0.012617247510930405,5.138178501343483
0.16659824836236334,0.04648188303487319,0.00019944668228576103,4.66915852365772
0.22173278058522802,0.011809157374619409,7.587197315916384e-6,18.1681899675811
9.072265624999996,0.3126390434756072,0.015470439013779057,28.604357949795798
0.3040952981696249,0.006802014743650711,5.6891009307650036e-5,19.242113207057162
0.0932089710402195,0.034374455660587215,6.160003678446777e-5,3.416616748844201
0.05548277843051636,0.15265277413700878,9.03165684229261e-5,0.36809270119728976
0.28614510329046744,0.06899895074603388,4.4210421840297135e-5,4.725685160315753
4.90559895833333,0.08360236424896206,0.015170983529331553,31.004727414357312
0.19636072915847333,0.025154582372649635,1.164645051108228e-5,8.876354228793318
0.13163682184688538,0.0021868181544368198,6.5956276683180355e-6,17.567346394513788
0.3263224314964892,0.04661258253089463,8.765796312900865e-6,8.659256033306859
0.2456798638023093,0.018911305907889617,7.931824080188294e-6,18.08275066598963
0.010696893134102301,0.3375289478381263,4.5593605551281396e-5,0.03181994094819675
0.0070071191405399235,0.03682005457068921,5.8594033550142104e-5,0.20384819704058238
0.23980987182125957,0.02854323326852676,8.424321998006315e-6,9.637952570613948
0.3197682106709482,0.03638626778887954,8.277796518426044e-6,11.000413817710943
0.12239000406594348,0.17303115798458987,0.0006274907069969724,0.7189864102868383
0.18947154484387557,0.015287313629982889,7.2390928118951556e-6,17.793881099572673
3.8639322916666643,0.3953467331963401,0.011107028678815956,10.987296152394332
0.2816519083032194,0.0235917044586348,8.663799914820712e-6,18.06443773610999
0.04770741008478353,0.28305327331891494,0.00010711534964443593,0.16958596554344496
0.0831909032720031,0.014630597776902803,2.3456986414174386e-5,6.647041329987495
0.29949152994190975,0.05359555733821398,9.36232004382907e-6,7.169229545802157
8.03059895833333,0.013618934485264926,0.011553507150432577,32.000223257274165
0.2155918351149573,0.02049942977493115,7.233680357163084e-6,17.6976918264362
0.1582269036308316,0.004447056932423967,6.463739460003112e-6,17.777488030782763
0.36552753219589396,0.051582229307888076,4.833041978619599e-5,8.85937401582359
0.2622843053806864,0.027387093481450235,7.238392485282913e-6,17.694446434229114
0.02365777009449266,0.3691725322563395,7.104767675336567e-5,0.06434032678511084
0.014670845362865108,0.15089674291114274,1.9015812382662097e-5,0.09816085098421981
0.2514071669667467,0.050844572084977814,6.735329392220447e-6,6.367631224122373
0.33436531301275246,0.024956171662747384,1.593154781213789e-5,18.44287691749564
0.14069262134736377,0.019320567791038495,1.24296255803222e-5,8.869252357718992
0.20296528991782345,0.00010199576733884519,5.045962966023551e-6,18.382728897651447
5.947265624999996,0.20448283384080257,0.015005106063386302,28.85330098359872
0.29058109546446165,0.02736634130127235,6.135772676117131e-6,17.919881162667913
0.06406984667594208,0.2819894416892171,9.637674497830647e-5,0.22874999120727796
0.034447991865739304,0.06413279006546471,2.1425747529678144e-5,0.5589397157024635
0.2723181651622463,0.04351462176791323,5.707273270784151e-6,7.734380988091614
1.7805989583333381,0.1790343139267309,0.014168836296306195,11.954055909472858
0.17461360175558155,0.11376727946197332,0.0008133486521722506,1.6005593355118344
0.10316845534644864,0.010579800345937643,9.852807322568743e-6,17.139841340726626
0.308913419246778,0.05644347113091951,5.020462310990308e-6,7.091450051795149
0.22781227597585163,0.003799231293390013,9.966046765378376e-6,18.526867152811526
0.00034059727744282283,0.22922801301171025,2.3691028044971707e-5,0.0014940458213845583
0.0002430507068631278,0.07534133585533083,1.3889109142976353e-5,0.0032808572863547106
0.22762303618111254,0.02955242467240438,1.0797474284970076e-5,8.332848558073314
0.3087584675345459,0.03918153196111024,6.0593282825174275e-6,9.59146475618562
0.10286001121395358,0.34632557793618424,7.414859313187235e-5,0.2989407712899318
0.17436898572223553,0.00933020521092068,7.779510300170827e-6,17.80403746328664
1.7480468750000049,0.33112898372567495,0.01635672926816595,5.568290968414024
0.2721674005678283,0.009444699308944838,6.872978512150402e-6,18.745571886816677
0.03426234615045326,0.2223470177744058,1.2722950548348364e-5,0.15522970159168442
0.06378974927790769,0.09274283374417827,4.5168568522891645e-5,0.7069994098563069
0.2904428510412175,0.05884583601841956,2.326126507729061e-6,6.507601428853887
5.9147135416666625,0.0511952646708864,0.012563415795133606,31.727512489984697
0.202762523962507,0.022350711036495736,5.598709784634621e-6,17.445328409848408
0.1404122883599393,2.0485455864729233e-5,4.781451084868162e-6,17.630523703395042
0.33408051343582906,0.0438655014299244,9.718626452865027e-6,9.328086982031774
0.2512307892018679,0.016806731298383313,7.624400133413074e-6,18.275905522231
0.014541941186272705,0.3046136130117114,1.0167165175543913e-5,0.047959423612602636
0.023504974297568034,0.10918334737201467,5.445181238849937e-5,0.21851975105074609
0.2621209059692223,0.04612548945056957,1.1900375120288078e-5,7.13228271142844
0.36455274784268465,0.013641733762271633,0.0003111510817473711,19.473720017658025
0.15796027007880215,0.015249219959697548,9.408828059276401e-6,17.503168481186037
0.21539860726685878,0.007042804238279446,7.2273861340361305e-6,18.26660037176634
7.998046874999996,0.26750768394049573,0.013056148323337935,29.07988289192736
0.2993500499850185,0.036453204324402105,6.148172559144656e-6,10.037350043567272
0.0828795995397261,0.34578501013098156,0.00022164018207219142,0.24112404294388157
0.04747747975642171,0.015545225684005856,6.332511212022873e-5,3.32629459307496
0.2815100695421105,0.04112359665441565,6.5413287342885865e-6,8.364893543668101
3.8313802083333304,0.1402650843701373,0.013102414735359232,27.68841060287051
0.1892509604279434,0.033826946288404255,2.8428216490962543e-5,6.775237562147392
0.12209752601132673,0.01405492985355505,1.1617445959457614e-5,17.21736749799195
0.31957943281470114,0.07612742429448491,8.240449364168668e-5,4.770679893682255
0.2396246419260531,0.012639793290772484,8.814058019201448e-6,18.304586539926575
0.006895977311987653,0.2922444519795146,4.757264833929162e-5,0.023703969560770657
0.010577493914063957,0.1830165992717668,4.6840237717588566e-5,0.05823335035771009
0.24549834631389975,0.06213728422736994,7.191888951427873e-5,4.530553279677316
0.3260996236886607,0.029702030546446323,1.3285258551449116e-5,18.07639853296223
0.13135092361762302,0.025991167554934778,2.6675963793629043e-5,5.286576350903884
0.1961501017038761,0.0031123412022821665,7.027327780044854e-6,18.214301247761682
4.8730468749999964,0.23569703404790612,0.014771837215996448,24.35685277331597
0.2860058039386214,0.03020777457777292,7.236117168891462e-6,17.738226051247352
0.05522739320942724,0.32735618039892367,0.00016596950618867366,0.16964233400960982
0.09289563776747986,0.0053048170235675,1.063043254142463e-5,17.13430924884605
0.3039487338914264,0.04714428600175958,6.9472099126904146e-6,8.033574685213557
9.039713541666663,0.15935147430569108,0.015667186395007245,31.325039579096824
0.22154193543007572,0.043561350250737915,3.903328735063918e-5,6.385855108808259
0.1663417333370517,0.007623039583300383,7.412902477391632e-6,17.77489113229563
0.7063924311210092,0.3120424643489043,0.016752736426174208,2.340518359685044
0.26724594320987105,0.0027923219567830095,3.4328318019840545e-5,19.096354214472903
0.028622045200282224,0.2049101331586843,9.242312562450898e-5,0.14079185095135613
0.018833267389646392,0.015564644079593924,6.508745777561647e-5,1.3124773022912999
0.2567804078491108,0.03185591009939432,7.884372641491289e-6,9.888684144228936
0.3450033394626716,0.035741147791531286,2.1914954589426305e-5,17.85324909392672
0.14929393428453772,0.03152781063480693,3.193672206451263e-5,5.742292075231715
0.209156866049569,0.0156966686899721,6.483744882989696e-6,17.948965444836247
6.95638020833333,0.3756638935753004,0.013790940574414984,21.501235609967793
0.29487156518500063,0.02352769289498636,7.633565775149955e-6,18.185052823569617
0.07307949157493512,0.22223804329760324,0.00013742653745256396,0.3318873712669152
0.04051580492542804,0.131297403878758,0.0001063674706972819,0.31288857444975654
0.27691067255259355,0.05536373313069526,9.90123941781715e-6,6.518084957111398
2.7897135416666643,0.04483313469236848,0.01654579149211028,29.893477438089185
0.18200392059636444,0.01957414461926749,7.882281878767037e-6,17.452225400297444
0.11260960824737573,0.006926622270185103,9.52518686081702e-6,17.283480295387484
0.3139052792019752,0.05250180686938563,7.934980561383393e-6,7.601902680906523
0.2336547936572667,0.02213364960458015,7.317557743547364e-6,17.751655750024018
0.003461172212892295,0.40108257545080794,6.261639539378222e-5,0.008657396064503258
0.0051497417848612006,0.1355912576548887,5.563826825180009e-5,0.038354187894733084
0.23664918324323186,0.04205034500217367,1.7576635032387812e-5,6.9776080358670125
0.31666069661838203,0.019682754374136663,2.5398746724348557e-5,18.711798408444157
0.11738561498009975,0.020882337960355178,2.7589936040095843e-5,6.0772399794556335
0.18567410247062494,0.007003254070046575,6.725006634403775e-6,17.975527418426758
3.3105468749999964,0.2897751388653085,0.01336600609656626,12.9947295576318
0.27922595818047063,0.03461214079140653,6.638421707532324e-6,9.843907609731303
0.04390239479533953,0.39043127785024595,9.96652132774986e-5,0.11292423145168426
0.07793351036680761,0.001268713922675385,1.5717137433617735e-5,17.042750765088158
0.2971005461082909,0.0411096230192995,6.201765782239383e-6,8.814318872218092
7.4772135416666625,0.11163549946680665,0.013585086816138374,31.545477961818587
0.2122930765277982,0.03112124789486034,1.2927957027105698e-5,8.195798423956955
0.15365792188602692,0.010919379157756632,7.63378692620762e-6,17.57852933894462
0.35283731577510813,0.06596650477575487,7.398245911320256e-5,7.129924789336652
0.2594776645863162,0.013439115269127678,1.068486847920256e-5,18.45962646961181
0.021117802423108113,0.26198232235776825,6.687722315157746e-5,0.0810621207872271
0.03137141645424618,0.06262834169522992,5.826661646202025e-5,0.5204790865288291
0.26973078921875093,0.04233953475372513,1.1013825763973043e-5,7.838784951712043
1.2272135420317576,0.17525679925198587,0.016687669550792195,8.0353083858483
0.17040299285022076,0.10187226198454492,0.00047867429657429816,1.7519207307628095
0.22458886560811248,0.01357193774989392,7.163449086814528e-6,18.141047115328753
9.560546874999996,0.327947918736416,0.015674026251495957,28.150696085704517
0.30632040894784074,0.01449700744769122,3.5328120437963664e-5,18.85507027245783
0.09789740131152053,0.03342953664085659,0.00013666176050671256,3.662341781536627
0.05940919915000564,0.16243254867516174,7.750980686534532e-5,0.37044645652779595
0.2882286610817345,0.10368431321773285,0.001710867048973059,2.9748967434022244
5.39388020833333,0.0989112395097708,0.017775394013130608,31.05362797013505
0.19948789796913918,0.027469474111802537,1.2931020442775433e-5,7.838677233781314
0.13590376812509297,0.003174814882404119,7.4427134153460544e-6,17.590753434307622
0.32984788448264346,0.048365139035032464,8.887301114765277e-6,8.490107482085936
0.24838507253298525,0.021299074423985098,8.157870607296228e-6,17.933737437854184
0.012521805754477821,0.35290386234828724,7.14336163758645e-5,0.03562085400420535
0.008703794577430375,0.02650423540132166,4.653654894545134e-5,0.34413117664041015
0.24257624303326597,0.02826993611845189,7.484016550929499e-6,10.239663372544765
0.322705596320485,0.03551200273532717,8.849981744157463e-6,11.926877462648257
0.1267505986366005,0.107973794686676,0.00042594703761554705,1.2126476219609341
0.19274051606633952,0.014775788587001586,7.336592757967707e-6,17.833727462908836
4.3522135416666625,0.3852070885430773,0.014637316065138907,12.706414329266208
0.28376819421568084,0.022630112980291092,6.348016180719165e-6,18.153315299206767
0.051250458147095085,0.2692150746417222,0.00010917117597579383,0.19164722316807978
0.087879180747258,0.011335260691266577,1.9341475639414312e-5,16.9916158872515
0.30162929640132896,0.05247605277835785,6.327482092806573e-6,7.3340802233204885
8.518880208333329,0.003479289832001988,0.011108984283808751,32.01427703425098
0.21847981818059214,0.020017334346528543,6.196356981329702e-6,17.75563337775052
0.1621913876418526,0.0038513541328062326,6.816857981907282e-6,17.833267957143825
0.39015464157927365,0.05229106652605283,0.00021048172669124144,9.316068327073907
0.2647099918820912,0.027011208939579232,5.37717119609215e-6,17.732031836085213
0.026003282182727266,0.35867867815960053,5.634915262656362e-5,0.0728031668102941
0.016643647398805174,0.1660053678069186,4.2968613007207637e-5,0.1011429082416809
0.2540305457121568,0.05621111209946861,3.432061153965953e-5,5.9614396389422275
0.3390076925374146,0.028031391561999304,2.807308076263673e-5,18.283188976959977
0.14487669456696414,0.02102893687500878,1.8779427438011476e-5,7.770547950613935
0.20598268420856486,0.001822589061854672,1.0943442399065029e-5,18.371098248943916
6.435546874999996,0.2197917091016113,0.016556042272039082,28.976947851478794
0.2926548407454943,0.029744712467019915,9.499104668842954e-6,17.811825009116014
0.06835439068216512,0.29562553350881643,0.00014049861107923484,0.2327749800188424
0.03730646008426482,0.07748794299064135,7.837129476355456e-5,0.49476587482959755
0.2745593297242672,0.046094855238662275,1.271783463825997e-5,7.446080247863178
2.2688802083333304,0.19434318918753962,0.017111536535266775,14.12049468625079
0.1782361961410256,0.2862969602151487,0.0017345519579899686,0.6295135771017943
0.107766996875622,0.011345630023589875,1.0956048686667267e-5,17.16679146013987
0.3112798502999109,0.05918500699926903,1.4864033583609598e-5,6.895946262676231
0.23064528065308615,0.005917950575397257,1.0108689094476642e-5,18.46800626899509
0.001826696639430918,0.24452827189147097,2.5275312389099293e-5,0.007509463056601932
0.002637383512534559,0.15979722134114738,3.364277566745515e-5,0.016638073753922254
0.2321517422876146,0.047034677226556326,3.151026153673911e-5,6.287719884917344
0.31257808088706956,0.02442255492805663,1.2793334188328109e-5,18.28269761726196
0.11019662256326397,0.03252653369091664,0.00014321617296967105,4.192144658671382
0.18013243106556326,0.0007130605620713974,8.091680728125386e-6,18.12924728110545
2.5292968749999964,0.21183904662846392,0.015200388897897824,14.25832381983906
0.27573980043154134,0.024746619666057734,6.838765469670178e-6,17.943020393271276
0.03888971998673668,0.30867339435380864,8.88047231275784e-5,0.12665911690067422
0.07069869350442785,0.015374695466258491,5.6110655733005794e-5,5.11233967833137
0.2937621564034257,0.04881824785584335,6.951643442089329e-6,7.578188247367
6.6959635416666625,0.18639052671439224,0.01576043001009684,30.187147343242405
0.20757500786668007,0.060739763166627374,0.00013564436465462388,3.860047212673945
0.14709152585307278,0.008923643808976416,9.066717578968137e-6,17.566322987388375
0.34183782841142457,0.05964364141392294,3.1691647792299896e-5,7.456148047976785
0.2554119131967154,0.008004327344584857,1.3160408835360439e-5,18.636700038580287
0.017727046761443276,0.23507050294141094,4.888327983493842e-5,0.07587745106149435
0.027296991662076872,0.03769660330119394,7.007263734455912e-5,0.8202740872259586
0.2659845042251182,0.03791843933191278,6.859987858597153e-6,8.508132481745978
0.4554573494071326,0.0658614444695493,0.007281295527626418,8.931615265112743
0.1642772176879354,0.03858978424504687,4.312103607829891e-5,5.319172325124756
0.22001298638955502,0.019539725944446855,6.442185635374472e-6,17.801022541968422
8.779296874999996,0.4027029459840016,0.010154880732056377,24.380600585253934
0.30278328091841,0.028944104428823624,6.169583479609961e-6,17.932302237843707
0.09038742091294824,0.2090545823232995,0.00021576745133334777,0.4370619222393702
0.05321323054778778,0.08606427533087405,7.104635531953208e-5,0.6352235934114003
0.28488921036366444,0.05255945701969405,6.145660366823545e-6,6.955211873172475
4.61263020833333,0.02097514727292627,0.013162442566867494,31.66302904402294
0.19445480864328152,0.018554087740246094,7.253678945510431e-6,17.635982743981884
0.12905698897255444,0.0047604273143660916,8.848037678347947e-6,17.48328931873646
0.3243644903064197,0.05054067574974503,8.68805697712918e-6,8.07302526310368
0.24404134954591275,0.02251669234286252,6.940004782415568e-6,17.814075680124393
0.009632123983148909,0.3770294945603448,5.4349300675921834e-5,0.025639095143153337
0.013522049568393237,0.049332646609355824,4.6672480983126635e-5,0.284079788265809
0.24981338696159822,0.03341578256441064,9.417717539576094e-6,9.037446301023856
0.331893024512369,0.03877887903904455,1.4606253929051879e-5,10.57509241479538
0.13816348022055663,0.15016492971383721,0.0005823558324186865,0.9392767561147781
0.20113256145106428,0.009387806716471162,6.311366620567114e-6,18.05021873597201
5.654296874999996,0.3072709963062327,0.01823240816675214,21.728235708532402
0.28933644508834555,0.0016335216847937002,3.173737862428818e-5,21.916750156510094
0.06157533527867701,0.16320943700449905,9.365080376657362e-5,0.38219808908125863
0.10038481925828732,0.017514981278804503,2.365344269233435e-5,6.411518659998995
0.30753015684276974,0.06849677788929658,2.6442412857947735e-5,5.163954617130933
9.820963541666663,0.07823431707958757,0.016541176862366287,31.794115908589667
0.2261074554571859,0.02937824458881561,6.471438707393531e-6,8.33446478417272
0.1723981832999244,0.0021358060471589964,7.603018334950225e-6,17.996753742685854
1.4876302083353292,0.23092543656401768,0.016070734568975606,7.111665809466399
0.2709549164275953,0.025756880799763144,4.803931849880508e-6,17.84784052922564
0.03279847352604926,0.33006106203407687,7.848818681585156e-5,0.0998470566289836
0.02229804637320507,0.13714141794225265,5.9130479918558776e-5,0.1644556166637563
0.2608060747350765,0.050745295235475586,1.8552538901679362e-5,6.594281416919953
0.35796603105911207,0.02327485606944596,9.674957053245732e-5,18.791481266202705
0.15581738665344902,0.017697325662370336,1.2981618042833613e-5,17.341942625154182
0.21384925509903502,0.009374633426468094,6.643162670148074e-6,18.170089754537592
7.73763020833333,0.29454673634919687,0.013788714882232817,27.94722147798121
0.29822218164360736,0.03913199862367722,6.500791732313266e-6,9.26245379307104
0.08039746152712479,0.39034448442704556,0.0001719994146867303,0.20703922950156578
0.04566572913911543,0.005682820970888353,4.386303741487785e-5,16.697564274680047
0.2803715931855177,0.03820150046701524,7.020041902510901e-6,8.903670713790609
3.5709635416666643,0.1164070969506951,0.013916898397958444,28.359294235660627
0.18747385702014652,0.02891492525385381,1.6784140419788418e-5,6.817310121200952
0.11974929493600514,0.012101469615129826,1.1459937506581915e-5,17.251801758494576
0.31809719700405203,0.06496740366999795,3.146192077367899e-5,6.419670893331089
0.2381395649272391,0.009671004055256628,1.0053564810278564e-5,18.394361418869398
0.006015415080373849,0.26828829119435404,4.8699138992817976e-5,0.02253192912204148
0.004298479614648315,0.0045694047053186915,5.6199865948037494e-5,1.3249299377704764
0.23515408654203207,0.023618324869342056,8.836402537955742e-6,17.670962986058885
0.315264861476537,0.031910617805436615,8.940231907700895e-6,17.87300398943266
0.11500586833951366,0.10069289872445589,0.00011552418439108849,1.18236570279879
0.18385098874233363,0.012164722781706655,7.744911719238072e-6,17.820538746767298
3.0501302083333304,0.36134910112363505,0.017599383862442815,9.131506307835904
0.27807252490482637,0.017331818518650125,1.1791851776656734e-5,18.491435110715507
0.042186212354075533,0.24989639561792173,7.883161610301257e-5,0.16996655978632735
0.07549260401936983,0.027014398701641025,5.4193206398233344e-5,2.9006987878156663
0.2959840265480306,0.05571580377327782,8.6674688461621e-6,6.889647409554064
7.216796874999996,0.030518342240703156,0.015006239820953194,31.946836179092827
0.21072924260554057,0.021373490113519134,7.712668581068992e-6,17.587517317475225
0.15148306639057407,0.00542790002401062,7.327133969790738e-6,17.684358319723522
0.34861300010223195,0.05274296035856787,2.521601511525596e-5,8.333470801467932
0.25813573060563727,0.02792291873967559,7.983730949753553e-6,17.62907814544333
0.01996320551061767,0.38648824607428517,7.883979916282711e-5,0.05184547603474737
0.029979738182163606,0.18966873248784993,7.246469653192643e-5,0.15940691830652792
0.2684945927351253,0.07822987430977377,0.0001615232451548763,3.8469025759478566
0.9667969417355406,0.09413964202494247,0.017907167988009433,12.82885045913332
0.16838394333226697,0.024453144891620614,1.58387184358105e-5,7.498945217920858
0.22306711089920822,0.005497077075585316,1.0412048433914978e-5,18.406237133432427
9.300130208333329,0.2468307615103125,0.016056823993580174,30.038399140830908
0.30512721381955166,0.03510363424799378,8.074486350698087e-6,10.866471565847206
0.09540006781177897,0.28637073204798985,0.0004178317964578947,0.3357543392255963
0.057292884343276944,0.02238719017448369,0.0001115923460291966,2.690456800410535
0.28711870437183545,0.04577764374992496,6.786001462907568e-6,7.800992203319863
5.1334635416666625,0.17048520176809742,0.016256141491234062,28.902251987521634
0.19782744068430258,0.045232383327763755,6.058028718014149e-5,5.590673123989003
0.13363302201490723,0.00786886509546934,8.17373574907204e-6,17.459231096379924
0.3279226632526619,0.05653975207562693,1.552854582322666e-5,7.4732599638755435
0.24694649485843254,0.0038780165162128465,2.0120867873287637e-5,18.7366696811234
0.011540509470394318,0.21979082794341023,3.494183827990787e-5,0.0528391559342148
0.007791928979062278,0.11127815593854123,5.272686783816958e-5,0.07089408467861377
0.24110376582114906,0.03895781333318649,1.4712675412315097e-5,7.558764334395363
0.3211132776533139,0.011021108643368485,5.70523932465299e-5,19.163030121769022
0.12443103498725486,0.01623423279517004,1.2889257064285282e-5,17.10421700171866
0.19100621784261668,0.005451157983189076,7.3233547069256095e-6,18.075484192287647
4.0917968749999964,0.26591715144586625,0.013595586503523722,18.234889218219678
0.28264204483913224,0.03284157507585724,7.645398332450746e-6,10.898841302389886
0.04933875513767985,0.3636803754226378,0.00011928018324929445,0.13631290607941104
0.08537507860387944,0.003937635962400222,1.249661025315407e-5,17.07798065877984
0.3004853349370285,0.04447281635412827,6.382215491245101e-6,8.330182876901631
8.258463541666663,0.1386745518755078,0.0136833582020882,31.431111256501477
0.21694189722242005,0.03694591508992811,1.9062453231634564e-5,7.153136403656589
0.16008534490217732,0.01312483737984403,8.104832400585596e-6,17.57785858820619
0.373873721283737,0.14158896329257623,0.012061710777957814,2.820839409149949
0.2634221801112604,0.018400022789139298,1.1134062163569867e-5,18.294001403556983
0.024739673359514058,0.2889417630699749,7.146754493727298e-5,0.08607104116395442
0.015582216195630796,0.09704191833198009,5.5867773146102796e-5,0.1631053359795201
0.2526366852635248,0.040858498033440285,8.42452375275641e-6,7.5911585398563854
0.3364393048029993,0.043827933442946276,1.3748751433544714e-5,9.400119171132754
0.142650120062154,0.39972163436847025,0.0007544044115762485,0.3591909884152341
0.2043788735078239,0.01348792880493236,7.279392950251137e-6,17.965973814587347
6.17513020833333,0.3549869711451171,0.01319294401641251,20.392783227637484
0.2915486996787612,0.01911572913720052,1.2041114507485246e-5,18.511221635393106
0.06605032952273505,0.21190244056523824,0.00020557283148974094,0.31460644700105217
0.035764507874839244,0.16686721211716826,9.819013152459817e-5,0.21649477367370673
0.2733687057259737,0.0631551014032393,2.0981654337353813e-5,5.0280344417891945
2.0084635416666643,0.0750532520903286,0.016189517245510175,26.279780008985593
0.1763150479665497,0.02234916831588636,9.216908425288895e-6,9.919801697731891
0.10532117460971022,0.0018761414237591298,9.94474959049807e-6,17.295738782712565
0.31000755103922406,0.04436097498170793,5.5284643896887945e-6,8.596716810495517
0.22913566117860829,0.014424787985675194,6.891233043456195e-6,18.15645478980619
0.0010287128795383313,0.3292153900752093,3.900228328133431e-5,0.0031367715677892297
0.001426141107562398,0.125546222135264,4.2538046180463464e-5,0.011475883331583982
0.22989085374254653,0.03779031068523326,1.4790610732945157e-5,7.4138955356964935
0.31064063588506163,0.015889243151895983,2.99008799858225e-5,18.836442790719868
0.10654606708693816,0.023812113672447194,4.045656290998537e-5,4.700625844108812
0.1772787402840562,0.005828955913082815,7.400753377314607e-6,17.92665419052696
2.1386718749999973,0.27943667765021685,0.008741963265418136,8.383861412893117
0.27396532054252154,0.0320830517282512,6.433424989001164e-6,10.837214376526195
0.03653041554994704,0.3800492835422192,0.00010429239939268865,0.09652961534387047
0.06719711487455114,0.009310404002536332,2.363315668845628e-5,16.83121125413706
0.2921016793266852,0.04460014187196637,5.717759855217437e-6,8.093574822761969
6.3053385416666625,0.1521940780798584,0.009301590689707099,30.634407407856088
0.2051822798579584,0.03833910537338546,2.680348343230364e-5,6.581420594432767
0.14376484012490154,0.013962985939844406,9.010203171988609e-6,17.413630755229065
0.3376944337186165,0.37085767233425704,0.013963287624926022,0.9202857177809085
0.2533351502870102,0.017286376853373562,8.356833702353199e-6,18.279009521227763
0.016110237466111108,0.3036889802977554,5.414156071077073e-5,0.05329682102023692
0.02536779085113227,0.08161932169855499,6.472234386838138e-5,0.31743349061246734
0.26406776014983824,0.042745951581576444,1.2264108395828712e-5,7.624934916174137
0.38056475240864446,0.04435022389505684,7.065740922169369e-5,10.563529440561116
0.1611408205164946,0.29270144386854496,0.0004701649771803344,0.5564302492561315
0.21771148843834798,0.013978302655630137,8.139189897640193e-6,18.06964102643133
8.388671874999996,0.34305797743539607,0.008827237716361864,26.703401379816675
0.30105614911126904,0.018178665852209036,2.2690678227526137e-5,18.662219803961698
0.08662633870663597,0.11936702609214249,0.00020304792641491248,0.7422581254052769
0.050288256274858834,0.13870090335567867,8.452944200351443e-5,0.3676177744702411
0.28320580488845826,0.06072417200881351,2.045438587962258e-5,6.218868573681558
4.22200520833333,0.0631242583806075,0.007897136497475947,30.92499891450675
0.19187592865114622,0.022360708607660533,1.0222356941994187e-5,17.34470698584058
0.12559251100687296,0.0008387783736996012,6.918594248265015e-6,17.50576455804769
0.3219016537586783,0.04426782316153602,8.807448189640442e-6,8.926482781164161
0.24184087997864195,0.015771779193350592,9.703089356391146e-6,18.226408034519814
0.008245838781173947,0.31699716902320435,5.0793579381652545e-5,0.026122525292881886
0.012028831609715109,0.01611945325362118,3.378845885955211e-5,0.8074353581094622
0.24766702419889908,0.028759288889896397,9.283833286668365e-6,10.19265262640397
0.3288714858879165,0.03479118868147807,1.3053042330799548e-5,17.818191678610084
0.13476979002770628,0.039926991140213634,0.00021699410153494552,4.302418449322091
0.1986597117808952,0.014516712514422941,7.675935063172335e-6,17.889910195376004
5.263671874999996,0.37486862732798565,0.011610553353967793,16.089735015863
0.28767400303144586,0.021903300198761848,1.1664895490325617e-5,18.243812778683115
0.058344739195691046,0.24968853206025177,0.00021733289892948907,0.2354299638090738
0.09664980962102443,0.013963460185183045,1.750050724991974e-5,16.983621266719744
0.30572186088749853,0.059137118959894285,1.4131184040457804e-5,6.7895233307221226
9.430338541666663,0.04403786844505374,0.012003296163073413,31.932595367922957
0.2238283975406708,0.02496208929135879,8.104293061836557e-6,17.458197197448662
0.16939641066275912,0.006827126404224447,6.835145284607101e-6,17.823902800744932
1.097005213269412,0.2985230675857701,0.007999204450890906,3.822988216608941
0.2691142246723979,0.03279909200866193,6.493641871840842e-6,10.114671394949141
0.030671243136731766,0.40010421617327063,5.6305896674619826e-5,0.07695455043975138
0.020537360974108868,0.18048283361351533,8.901418996001393e-5,0.11473597939843788
0.25880838153665164,0.06419961331740455,4.1864598953631136e-5,4.6118723972143165
0.35063404477746113,0.030885737246853825,2.8123909119326883e-5,18.205174524341565
0.15257234609959466,0.022777179813339866,1.77821107806985e-5,7.34815127580141
0.21151217065008457,0.003589017847665991,8.909210275366118e-6,18.358686083800258
7.34700520833333,0.23490176780059138,0.012740494150912786,29.483185464516623
0.2965417142410496,0.03231209753680228,7.6018061174410965e-6,17.65478232572042
0.07670987579429703,0.3040034960436767,0.00011021951171819116,0.2540099103131862
0.043038493468838916,0.033608842796331584,5.9354637703377003e-5,1.6495634217936603
0.2786502555808308,0.04256386107710962,7.391498826100042e-6,8.046688890630021
3.1803385416666643,0.15855620805837634,0.013346723210481234,24.15432471289416
0.18476550553359306,0.039744752778407735,2.9959587108283304e-5,5.798394998583177
0.11619778266911462,0.007609738914752342,8.995545880362503e-6,17.305445381496938
0.31595798561181193,0.05416028420256973,9.812275090084227e-6,7.465046257907826
0.23590219005254487,0.0010843323935753521,1.1087202966074575e-5,18.783221365121243
0.004722338320243013,0.20839211446905295,6.772657344626763e-5,0.022803584917420947
0.006453804344683724,0.06424692725903608,5.4334356379312805e-5,0.10276917848942828
0.23888280581420474,0.03146567695008376,8.419930644643707e-6,9.20107159516953
0.31883225167396306,0.039206330887378314,7.227761140719498e-6,9.9312058723436
0.1209252980046302,0.27891364720803175,0.00028456249887340497,0.4374539442683749
0.1883651918878596,0.00948136372217344,7.914482578519679e-6,17.929307458492083
3.7011718749999964,0.3207905225105833,0.013376583724901945,13.007532471315656
0.2809416855097024,0.007816783658376916,2.0704677369101497e-5,18.90598481227405
0.04656547892679554,0.20279341981466376,7.41640240637436e-5,0.23164320736070146
0.0816365617205286,0.06842399490178067,0.00023385104654925388,1.264109965469499
0.29878526439602643,0.07665479776281763,0.00012521308359953042,4.405232697881551
7.8678385416666625,0.09175384328393812,0.013696947329024366,31.714394716707343
0.21462473512978975,0.02871268347423592,9.395156183195053e-6,8.062073822362557
0.1568909773544254,0.0028475676530259008,8.932633941024492e-6,17.806352314322428
0.36102418026765476,0.048922907221095636,3.8392907185404286e-5,9.146528067254362
0.26146518811198827,0.024506528371297888,6.384215613723327e-6,17.836912359326476
0.022898108084281745,0.3451117591564274,6.429174663416588e-5,0.06663619617234126
0.03352571656838682,0.11954465926627493,8.26137647067667e-5,0.28453079168710466
0.27156258571298575,0.051105846511237916,5.267229296602539e-6,6.804364066990667
1.6178385416668122,0.028132543498758933,0.008888139040375366,27.913275459832004
0.17338665921124166,0.017344204300146996,8.613771700396454e-6,17.525526196085252
0.22686561620684526,0.009593056382525868,9.331891493384923e-6,18.28867313715333
9.951171874999996,0.2826177426394758,0.010612983906969685,29.39892378127208
0.3081418587568829,0.03935055846492946,5.1938417451398e-6,9.529597660551197
0.10162406791866974,0.3535610225234818,0.0003336604398044532,0.28925581974337455
0.06267662602337361,0.0005618462117950522,1.60381667434637e-5,16.876611189937215
0.28988976966867913,0.039025690825401235,3.2434320276847537e-6,9.024035014010913
5.78450520833333,0.104478103240974,0.010643431170036598,31.16017390527081
0.20194931210530162,0.02854390325957265,8.078938235760193e-6,7.544828494293988
0.13928924695792033,0.010301118297493791,7.259577517690645e-6,17.467095456181028
0.33296734558182095,0.06294592792024097,1.3616948193925696e-5,7.0053575330396125
0.2505234906400151,0.01032770133492441,5.852287401123241e-6,18.489273406388396
0.0140294942772911,0.25564653151419725,5.997410626064764e-5,0.055181657990896124
0.01010264174800131,0.17265488627543413,5.4909210217709246e-5,0.05898374640158399
0.2447709079979466,0.056019862432076926,2.1601400343920445e-5,5.777145985299384
0.32522185097059036,0.0280465462681858,1.2666695602963485e-5,18.165798425005526
0.13020547176984823,0.024058489197635848,1.7931523114275403e-5,5.725829259004907
0.19530476554523488,0.0021407338562763516,8.21417629109384e-6,18.240437707523473
4.7428385416666625,0.2253585728328145,0.014812712420937693,24.709045555443804
0.2854480148356164,0.028848786009953525,5.076129695427335e-6,17.800696645419265
0.05421388226535543,0.3161906043728809,0.00010333648735498206,0.172433051151766
0.09164177754384525,0.009568435116621296,1.2526681611142565e-5,17.04455945212002
0.303364479274612,0.051760125674964706,5.445683174227516e-6,7.452024140689473
8.909505208333329,0.19991005291874275,0.013565966238909623,30.674519408464967
0.22077795833478644,0.2826099321433598,0.002985494383877258,0.790817743452576
0.16531220468792532,0.010371264628961154,8.433477492373364e-6,17.696862215619078
0.5763543371484028,0.35255183750253555,0.010909342219936335,1.6758084599838368
0.2666168414364044,0.012907656242304605,7.93866704604995e-6,18.544204839627483
0.027955520668274874,0.24675162633031844,6.577983460868576e-5,0.11401312048301535
0.018277249436899835,0.029767307333676545,5.1583912890273083e-5,0.6389519786678844
0.2560977902374796,0.03335768553815882,7.437610014635371e-6,9.305635700864784
0.34337291028538774,0.037387915872255595,1.8068223019954904e-5,11.894590728795132
0.14819433247732683,0.03935124915547358,0.00017603021329119976,4.756795419809366
0.2083671826828233,0.01687447541345175,6.7782825805975825e-6,17.880614425852983
6.826171874999996,0.39077395227428047,0.010568110396672471,20.168401787925347
0.29431654020463544,0.025744539028466264,7.954822231352256e-6,18.042418238304187
0.07188478277189365,0.2458997530428414,0.00029249878976054166,0.2947171800980358
0.03969731500222392,0.09429385005241381,0.00012759878999270359,0.4298036388112568
0.2763264006758173,0.04909019890381964,8.509369711330523e-6,7.1341932003213335
2.6595052083333304,0.00904615356320517,0.009422539003427426,30.70778714951083
0.18107125226900772,0.016268763700512803,7.971413992042074e-6,17.664282719995708
0.11140520845883908,0.004356564907336264,1.0450152130423212e-5,17.319953368258364
0.31323785524369163,0.04840023630766066,7.53495869067336e-6,8.090845247277887
0.23290371383818947,0.01851265637976519,7.567444076791455e-6,17.990649657251616
0.0030476145170985633,0.3651252832988042,3.3778944447064955e-5,0.008376197040435473
0.0022304276811511764,0.04082693125265818,2.9870878537268494e-5,0.05649456332251543
0.23139891967155635,0.026547168559286672,1.1066371804963833e-5,17.421208311886367
0.3119255425542577,0.03592427543343302,9.902421691937055e-6,10.810483333707968
0.10898387106411875,0.24277913390154704,0.00021754150441216782,0.4536548714829076
0.17918742106931035,0.01468297118035202,8.672637986980913e-6,17.723004069608884
2.3990885416666643,0.3987266147474279,0.007594930377022682,6.609189346464072
0.275150800164901,0.022401038656651103,1.31454402781134e-5,18.09280757847652
0.038092831531268016,0.29137933289227586,8.706590600798328e-5,0.1314817382523199
0.06952173488145454,0.03189480304910088,8.928073716219977e-5,2.741909635446048
0.29320829524498615,0.05325759642663718,1.2119142004197831e-5,7.067136063512094
6.56575520833333,0.01699881603635257,0.008856931625476523,31.963164643617226
0.2067802172717674,0.019596247487919452,6.990731312839238e-6,17.677952007861524
0.14598561624558964,0.004489325927548941,6.522968064810385e-6,17.654856186810278
0.3403860636675181,0.05093561503118466,1.3444984318786442e-5,8.385821121578708
0.2547228166815284,0.02537280006160462,8.911889072243001e-6,17.735388202994905
0.017182548728555017,0.3728517520968655,4.439496467057405e-5,0.04626046256141947
0.026646297856445497,0.15101774157661724,6.85859627204195e-5,0.17835102449705775
0.26534889777066595,0.055351824088422416,9.661565038719689e-6,6.272453654352093
0.40689717744790643,0.028076189013117855,0.0008065186448578148,18.928923964883676
0.16323690035200172,0.019444923406376657,1.2123722102113693e-5,17.291406307206703
0.21924696102795224,0.0005968804310088121,8.067115200963714e-6,18.59643715562681
8.649088541666663,0.20786271539189022,0.013544050836787743,30.537199849490193
0.30220494791375563,0.030003372103979378,5.5927830033851945e-6,17.87200225977299
0.08913305220238951,0.22975572222828,0.00014717811353831984,0.3918592120986541
0.05222543237693349,0.04159837049686437,0.00010300507155661158,1.488763565341802
0.2843292999558628,0.04667762463121089,5.081107592698107e-6,7.6144412645388755
4.4824218749999964,0.18241419547781854,0.014242404784923406,26.877838155416
0.19360010124990829,0.05984161771541314,0.0002447436833135912,3.5971053243586297
0.12790539379926724,0.008828486443738714,8.484982423278247e-6,17.39328577839875
0.3235261585144486,0.05804946541646149,1.1052013243701605e-5,7.240330469736428
0.2433097636482156,0.005567456244480913,8.223138476352691e-6,18.612476906457537
0.009165865906276102,0.23204531779631837,5.6642999175878447e-5,0.03973010427829275
0.013019516258833456,0.14817239479612393,5.242589588130681e-5,0.08871540905837363
0.2491005543736946,0.049371722980463974,2.4523366336963113e-5,6.4591508105293975
0.3308541905732014,0.024116125873299987,2.59897968999109e-5,18.46898084060251
0.1370349906756926,0.019239095737306974,1.3608060910473336e-5,8.47521809998847
0.20031213563103994,0.009007206086726206,6.574277385747951e-6,18.054325036405707
5.5240885416666625,0.303294665069659,0.010646473423451108,21.534667052730555
0.28878277558783005,0.0382884942731254,7.3282688102566806e-6,9.154797111054688
0.06048612292179832,0.4046773379592359,0.00013273737652160753,0.15014367935435696
0.09914250613088887,0.0019567514906928657,1.0888725543400355e-5,17.235527005384473
0.30692309251358346,0.043920893472934354,6.346357929587603e-6,8.587582330189996
9.690755208333329,0.12515502567115724,0.010458156907749011,31.607795170087964
0.22534854402780047,0.03621874515836151,1.589569699793497e-5,7.545561059265587
0.17140360760786968,0.012663376446299323,7.178459581996291e-6,17.693089638784322
1.357421875026998,0.3796402248118741,0.0108023604880013,3.6834411639978053
0.2703443357839873,0.018376225797123714,1.1409796592127756e-5,18.36362093450635
0.032080433792071573,0.2734410244806365,7.816137598681295e-5,0.11800044935301063
0.02170465487032047,0.05565040765627769,5.594256633740716e-5,0.4034105852709316
0.26014356542603706,0.03795278233864749,6.9073889477784995e-6,8.317998220621458
0.35526300533839456,0.04067659040602186,2.4986023485786552e-5,10.834552119318513
0.15473965119065514,0.10555830686545092,0.0002442352533955173,1.5246059373281953
0.21307206947963134,0.011151985794676545,6.0545288872588775e-6,18.109775100460514
7.607421874999996,0.3160189250266949,0.010999739732758933,26.734444585692188
0.29766065604859,0.008123099859712882,2.604070689733408e-5,19.071685326881486
0.07916290784585965,0.11349949838482294,0.00018673979968394363,0.7141085190195001
0.044778085842812815,0.17195331118470947,7.969309411263862e-5,0.2631391108407229
0.2797997109193342,0.07047625692196571,3.8980426025721776e-5,4.501505641749569
3.4407552083333304,0.0869822458000497,0.010948364728436825,29.409014892357654
0.18657685785011882,0.024597189446393986,9.723525096889025e-6,8.540585581063793
0.11856942795059146,0.0025121066461297626,7.813603165721316e-6,17.42617057536694
0.3173735637178783,0.04629076067668725,6.051754703747956e-6,8.484728670081084
0.23739499878992287,0.017191714827146324,5.853681094838873e-6,18.135704738861005
0.00558074769572385,0.3410933592915309,4.455967358986526e-5,0.016424355600738894
0.0038781092842714434,0.19726189354585058,5.844875887278023e-5,0.01978979681229422
0.23440493525721529,0.18222520034534467,0.004843604505732421,1.315214957460149
0.3145807921117254,0.030479321908351925,8.993809579755216e-6,17.942393728343163
0.11380982198019088,0.07705855255643039,0.00038467948275145,1.5681581272453857
0.18293048134091217,0.0038010909052415966,6.634311982947693e-6,18.051275267761326
2.9199218749999964,0.2492165602522567,0.015077513438791603,13.669388112497806
0.2774926891463031,0.029665385563985586,5.98686608742879e-6,17.655403056335174
0.04134537616208009,0.34752675874963157,0.00010538718153596474,0.1195373977343355
0.07428228430953526,0.010688553952908316,2.076559261897187e-5,16.883216846709466
0.2954273525910117,0.047477033723840045,5.6892654439337285e-6,7.783536911712972
7.0865885416666625,0.1728710005100416,0.014562056847989982,30.68357138080383
0.20994417971098878,0.047179849765808496,4.235848843779154e-5,5.71870823955204
0.15039021931611235,0.008061571990314209,6.965071865489056e-6,17.612882283314157
0.3467438933860305,0.05778113681160187,2.173565267883093e-5,7.731051328259753
0.25745973119924326,0.005566456337569755,1.112741656935912e-5,18.766046149171295
0.019395214011200305,0.2210884801607268,7.234510934102858e-5,0.0883110889445965
0.029296728802265755,0.004716963990424421,5.4351277482550265e-5,16.5515441943682
0.2678718467981358,0.03401509065788127,8.227862529415078e-6,9.574570071710536
0.8365894439535984,0.1092497001216571,0.010360584746996082,9.26132139194102
0.16736568342871003,0.02687535144827263,2.4532321201756614e-5,6.578587616826539
0.22230497058361115,0.016422873800727458,6.632260877900769e-6,18.039995584960945
9.169921874999996,0.3637348998655793,0.01368875655006185,26.333950082015292
0.3045362432254131,0.02314669703082204,1.3795840336004842e-5,18.300480133564648
0.09414854416124513,0.11515663123929912,8.342514412165312e-5,0.8385637515403556
0.0562537432046894,0.09261140808554162,5.758184878617447e-5,0.6232605687949387
0.2865626694446766,0.05478383887631742,1.3963596908590196e-5,6.775996973749882
5.00325520833333,0.03290414098264737,0.01182341136862889,31.66470315362681
0.19699094892320934,0.019910182629935685,8.746297636693827e-6,17.567028339403954
0.13249341853423233,0.005505349836439292,7.267512049376718e-6,17.50036257118299
0.32699933265912595,0.05202292608112096,1.1908590596002511e-5,7.94721276619889
0.24622357232497805,0.024400141196319357,9.582072196392276e-6,17.715746951946546
0.01105675701784999,0.3890343143506238,4.086686704402633e-5,0.028520496239499094
0.007341997263360183,0.08812658419741144,6.237011904881143e-5,0.08464056660853685
0.2403649904698465,0.035119333493613146,1.3003294002916453e-5,8.263002241505205
0.32033950083559554,0.04176715369924196,9.167442000564874e-6,9.358162798396169
0.12326607272040907,0.36291711561097006,0.0007716050439251992,0.3420013758600683
0.19013126619500956,0.01140412096183074,6.590069494745279e-6,17.896412967919595
3.9615885416666643,0.34464850993002555,0.009900469267173223,12.887081064100933
0.2820768280362215,0.014874226985916741,1.571520713597433e-5,18.61407428112287
0.04840186497852372,0.22700726761966689,0.00017184227553941335,0.21490762455864407
0.08412597060334183,0.02816182080528562,9.36623744677096e-5,3.0921765657286024
0.29991668854039594,0.06322386432026673,2.4361565218042667e-5,6.070428749365104
8.12825520833333,0.06471479087523699,0.009983714719694135,31.84225757318169
0.21617096496030463,0.025733800409469012,1.0028541702858166e-5,17.301552348362495
0.1590251105909971,0.0010010889804703338,7.162887142478258e-6,17.893351954598504
0.368733010000763,0.04651984268972265,4.62458452005233e-5,9.762871876790843
0.2627732334130916,0.021756603808419234,9.248205032907309e-6,18.02805193144291
0.024118782490365236,0.3174336327882402,7.644759259546534e-5,0.07633983179657838
0.015059483361735859,0.0995745043770294,2.6098400885813667e-5,0.15356700576147322
0.2519352102062933,0.040991873916535346,1.033451129140801e-5,7.551071556645844
0.3352363640922268,0.002004620660298544,9.337611592541046e-5,22.103751012462908
0.14153258892422516,0.014132963748821689,1.3048064484096725e-5,17.391300991109162
0.20357233279630688,0.0052108434848952175,8.766837542689244e-6,18.21469419877082
6.044921874999996,0.2555786902307746,0.012337907205970396,26.61619917263623
0.290995792632665,0.03357308103421925,6.304583761538335e-6,10.93961758096301
0.06491442310810876,0.34481691752801874,5.9281839042516336e-5,0.18929303794706154
0.03500854756659949,0.015617926296568966,2.3883457276253746e-5,2.4319462067174564
0.2727694201509237,0.03756318034732477,6.379858463757933e-6,8.801044034628696
1.8782552083333308,0.1283360906604162,0.010643431170036247,19.107570201388256
0.17534512439363437,0.030687058291851865,1.429867091310457e-5,6.860382408516344
0.10409243968352047,0.016093087415372964,1.7934200753977184e-5,7.773794803112617
0.30938026588902956,0.06831737517516928,2.094492211379662e-5,5.216038238211256
0.22837971883920144,0.009616019673400639,5.242821633235341e-6,18.302342859746886
0.0006343647941514695,0.2805163759720419,2.7745342428403113e-5,0.0022716356456748783
0.0004383313458167703,0.1779232668321158,2.0832592626819525e-5,0.002481168768569425
0.22800146971085478,0.05400730903181821,1.3243887349136142e-5,5.564499991767021
0.3090686997917157,0.026969251452295444,6.954043741254973e-6,18.094904413512346
0.10347667668253964,0.09685024783066445,0.00023972233699251356,1.1045254774111901
0.17485783050305342,0.002088000829965064,8.261804875507158e-6,18.025277787529106
1.813151041666664,0.22973253719304557,0.014864386444841657,8.830162727383158
0.27246875598726583,0.02604134934152378,6.896886095492807e-6,17.84495435994396
0.0346342387256547,0.3284811418528073,2.2414162323435915e-5,0.10595399961778187
0.06435066140309639,0.010686744243260804,2.4705896374912967e-5,16.797043765007242
0.2907193327759049,0.044486734542524886,5.833072737846611e-6,8.074471667935416
5.97981770833333,0.15338697745083052,0.013382989109291813,30.381312493083854
0.20316784530238058,0.03845459417514821,1.4752662766243632e-5,6.504971733617985
0.1409727827265111,0.006692827326360181,6.617416308797468e-6,17.553719114419728
0.33465284261292527,0.05463253381414747,1.2717810562531627e-5,7.81143881364099
0.25158336377118345,0.00019907209199628186,9.781444380870375e-6,19.099509675278
0.014800069458909725,0.20211356078473608,1.588321376058341e-5,0.07374485741032794
0.023811001928816068,0.009685708141973212,4.739271178677176e-5,2.8637070195272396
0.26244749299387615,0.03301582981506191,8.17394831750149e-6,9.692335930168515
0.3665462109119766,0.03571992122572699,4.3673187890819135e-5,18.053349259310195
0.15849325650625148,0.02840916396105751,3.0520967439422205e-5,5.812468456217828
0.21578496974951894,0.01601061237396527,7.621362075514655e-6,17.996061046313315
8.063151041666663,0.36969939672043983,0.01686118198190773,24.658410972541702
0.2996331280770381,0.02340394575299237,1.1078897068049609e-5,18.236618871551084
0.08350240591517594,0.17893697915982115,0.0002594113964991589,0.47254992871538437
0.04793811646477236,0.11568301693708304,0.0002056208442923136,0.42149131423969344
0.28179364676657326,0.05506874802377165,1.4721739694827312e-5,6.648204095330376
3.8964843749999964,0.03886863783750793,0.01702395025357913,31.140083971061806
0.18969178948118198,0.019711789968407053,9.650920564224007e-6,17.513375243140768
0.12268225352618536,0.0060767560693090975,6.392706485815544e-6,17.39528050139058
0.3199578061150765,0.052258311585670195,9.719004773203959e-6,7.76319332933052
0.2399950074343687,0.02319202727902419,8.155146802058002e-6,17.736750429519915
0.007118502401529986,0.3950718090000203,5.15983370611845e-5,0.018078850682136466
0.010816569242594831,0.08076456534968311,4.5184147405173225e-5,0.13640974172779802
0.24586124158466935,0.03602834495702395,1.2834883724684904e-5,8.251378685144237
0.32654663484391,0.04156467431895468,9.612595250092956e-6,9.586133541129763
0.13192253638679122,0.3227440268196957,0.0005882086730150755,0.41202065090518847
0.1965710781233556,0.011418712217345105,7.738449967595654e-6,17.953001892940947
4.9381510416666625,0.33788874682785025,0.015281414131388386,16.93701588012565
0.2862843463573666,0.014115463239647064,2.041460069052807e-5,18.681621472750123
0.05573896564842784,0.21045322349923193,7.7271496360024e-5,0.2672183177540929
0.09352223768513701,0.01725092153972785,2.082594423615096e-5,6.0236386014310455
0.3042420690059771,0.06192040242130445,1.8125588651243343e-5,6.537557380824868
9.104817708333329,0.05795502777306169,0.01378297994063135,31.853733568401474
0.22192356766788995,0.026069724399029406,9.786368340671695e-6,17.345032230880392
0.16685441288881225,0.0005437075225454876,7.883554627497475e-6,17.953213497312543
0.7714876934041492,0.21064613693656345,0.014299647366196641,3.9303622258781346
0.2675592923187571,0.02232418533515856,9.33610269978854e-6,18.030530866876187
0.028958356771656004,0.3098141933073619,7.75985001958326e-5,0.0939365821883269
0.01911349242049758,0.11748248839491315,7.830142969322406e-5,0.16483974715435562
0.25712048328284476,0.045783530017640996,9.090898121624904e-6,7.047599535834465
0.3458587975373617,0.016523399582255058,5.6570739045275866e-5,19.14061734274464
0.14984249876620137,0.01571295414642912,1.046554810428238e-5,17.395109089621776
0.20955081159148334,0.007241932381493259,7.4918495657548835e-6,18.201017875036985
7.021484374999996,0.27426744704267103,0.013262668489899813,27.676394892344234
0.2951493558964966,0.0364369129380689,5.228049606391787e-6,9.8790492450774
0.07367991179883007,0.3636398421766043,0.0002522089443521747,0.2037365928065586
0.04092919382695088,0.02568409258437124,5.872488379595721e-5,1.6638848611814827
0.2772019581380713,0.040864656485209434,5.672521490577834e-6,8.287226558049028
2.8548177083333304,0.1470248474723126,0.01335123120737473,23.717984509226465
0.18246796123097805,0.035554060683652765,2.224580486902533e-5,6.273127696757996
0.11321023761686239,0.016141311420573352,1.2146592885426945e-5,17.000713408547682
0.31424199600850716,0.0854895826768892,0.0005078197008858892,4.1422001146657825
0.23402998486190388,0.01234246253048191,6.940849064587276e-6,18.263441011862255
0.003669214987413881,0.29917956925358885,6.316382089470206e-5,0.01231744462345237
0.005364790777144302,0.033687089687562524,5.1579118705660294e-5,0.17489240973472991
0.23702224260747348,0.027340919544292994,7.061872818094119e-6,17.441826298432694
0.31701582353066526,0.03573999483960032,7.642610266531544e-6,11.2317612286485
0.11797801952526554,0.18336187438843543,0.0005660166866457956,0.6528093848526476
0.18612620518031203,0.014716677474768698,7.178449126881806e-6,17.77991863789649
3.3756510416666643,0.3919668516452526,0.013202498707658824,9.535144607245133
0.27951307334783954,0.022583829890800804,8.363246213714098e-6,18.11900761634756
0.04433875626755936,0.28140487663453195,9.281960174898992e-5,0.1585172858693159
0.07854752654725967,0.016639518362166403,3.826951366880919e-5,5.192673708349167
0.297380432809481,0.05286077905624199,7.4823603774658e-6,7.199476107540694
7.54231770833333,0.01023905293417728,0.012226166842682226,32.00630755033653
0.21268280543198687,0.01976502595024542,7.130568711708504e-6,17.720477415260568
0.15419927646043444,0.004152114673446935,7.836616316520702e-6,17.745153989023322
0.3540193450293293,0.05074879177014751,3.163653482124424e-5,8.718167401777926
0.25981103848138704,0.026244483602166357,7.151089909879812e-6,17.731800390440867
0.021410419340314523,0.3658378123468107,6.102061621151081e-5,0.058758787702692106
0.03172480853387239,0.16795076702768727,6.039969890573241e-5,0.19073580331883966
0.270037936555656,0.06211771831989606,3.365118013422688e-5,5.0821990970236905
1.292317708432622,0.0738603527193565,0.015746351038125328,21.640740109243605
0.17090405088827304,0.02188706531614796,1.0761948163604592e-5,9.754636672154758
0.22496880195990798,0.003217334111061424,1.1376974587496052e-5,18.52014272193381
9.625651041666663,0.2265514722037866,0.01484065480860404,30.304183486572498
0.3066212187249886,0.032994354914294984,8.967035225900084e-6,17.717592048676003
0.09852028438254071,0.23350241655827114,0.0001243658882150129,0.426280342750425
0.059946113201800544,0.04158653025158088,5.2831394438161464e-5,1.7727848274851172
0.2885057801545038,0.049828059997346415,8.923969229860906e-6,7.334286093774395
5.458984374999996,0.20110295228971492,0.014182178553504444,28.154907643352388
0.19990050182648983,0.35201532271508673,0.0017857704183376045,0.5734149688023675
0.13646972215104217,0.009963444555065188,8.763588740640099e-6,17.450846844206445
0.3303471426265747,0.061720778811649536,2.2764396222811997e-5,7.055085411919747
0.2487431395059334,0.009225309579608196,1.3883422673097103e-5,18.515694254375717
0.01277006360853794,0.25055443119946363,6.389648697858085e-5,0.05125051918266281
0.008934311389170078,0.12914117979086964,4.573086233725634e-5,0.06992879980408459
0.24294323939673623,0.04291375604083269,1.1471430372810652e-5,7.035022543147157
0.3231137304965598,0.018608992979140367,1.9958344119523188e-5,18.840302463645827
0.12732840189862588,0.017923230059634417,1.5891528918926283e-5,8.858892613785631
0.1931709262313372,0.006983035847359677,7.136205771251645e-6,18.04907688526692
4.41731770833333,0.2838106420104479,0.013262668489899876,18.34819055407059
0.2840489020447068,0.03513874193143614,5.340518388834208e-6,9.863086853000954
0.051736345001076614,0.3830564477445988,9.195203501460533e-5,0.13567653742423408
0.08850602156538645,0.00039224765374477405,1.2461760236797627e-5,17.137923764396433
0.30191679819966755,0.04124402128845563,5.506216133951249e-6,8.927803351971242
8.583984374999996,0.1056710026119461,0.013253795158841132,31.662249377104708
0.21886353350487409,0.03146438658721019,1.0075709178259636e-5,8.365533319881397
0.1627147847376291,0.010791914146379002,8.080074161509525e-6,17.663091038809057
0.39707239858916027,0.08675894278563968,0.002610565035816126,5.249613505183381
0.2650298589968182,0.013859676138019989,9.086077723183603e-6,18.49562573854611
0.026323839941971888,0.25489978134559266,5.843056519281473e-5,0.10389159275396084
0.016912405118409392,0.06330862986319631,4.841671522061305e-5,0.2750949785048157
0.25437707499415263,0.03681224722182858,1.2819584069057969e-5,8.3661393731381
0.3396882554603173,0.04070280517967753,1.3320588372333613e-5,10.258412555180891
0.14543152667927828,0.1972575352658738,0.001414858227886279,0.7479568392499983
0.206381801552726,0.011014669164410915,7.339917809449767e-6,18.053638181779096
6.5006510416666625,0.32198342188155543,0.01675988964313064,23.601762674846753
0.2929315243162401,0.010216701268614837,3.185391785332206e-5,18.916798957194665
0.06893683188065498,0.16170463654264766,8.221991880417195e-5,0.43209683597681037
0.03769834305715628,0.18430866984934685,8.57788060579473e-5,0.2064198119970255
0.27485537803991983,0.07628178731492397,5.771193820763998e-5,4.050576782723869
2.3339843749999973,0.09294674265491026,0.016881393158989406,26.204592022745906
0.17871258671318202,0.024768829269553757,1.5598632526092256e-5,7.940177096613894
0.1083759456995053,0.0031477548205887597,1.0581266671435772e-5,17.312079192993735
0.31160186416972613,0.04636453388566897,9.420577125935669e-6,8.3301876905119
0.23102220028497938,0.016439997370259796,9.254931771238667e-6,18.113467949237624
0.0020281621670846213,0.3471656003125588,2.6190877449591357e-5,0.005863563834935963
0.0028420864252491672,0.05791010772796943,3.6764793838247886e-5,0.050223868412467274
0.2325278368489891,0.028774985138602303,9.060951229344063e-6,8.97545576278025
0.31290703829163924,0.03788814136466264,7.379759081149864e-6,10.094795323357108
0.11080143799685543,0.2853010336930286,0.00043650466560868145,0.3916801662468289
0.18060261324621152,0.008479027749050497,7.561891808114013e-6,17.88354378408215
2.5944010416666643,0.314030759408408,0.015443504360714712,9.052781244199863
0.27603339611237776,0.004439443378591801,3.6246340092090955e-5,19.061843809780466
0.03929216736627801,0.20163046451100902,0.00011963738968237173,0.1965148344996016
0.07129062814296068,0.10887389456756008,0.0002152004101484561,0.6698913191447122
0.294039275626779,0.07067800004600523,5.8360289915085886e-5,4.73534601886317
6.76106770833333,0.08499408018176285,0.01521289006474999,31.642050048326503
0.20797141441853267,0.02679060752812446,1.088888455452681e-5,8.622214825145186
0.14764332315554118,0.0023077961961690376,6.2593027973714835e-6,17.728055155704304
0.3425942586742049,0.047568796294134,1.3125466578975465e-5,8.913420796211154
0.2557552567681048,0.021996536475745718,7.29931197077633e-6,17.949325701286952
0.018001428168074946,0.33857924983138465,5.843612137932444e-5,0.05339176028860006
0.027625266820742338,0.1420551205798498,7.841508532232589e-5,0.1967012967015092
0.26630107945607384,0.0535798034408328,9.895665099833063e-6,6.447206043940437
0.5121119997740231,0.04358686843052112,0.012095099413518415,18.460452435637926
0.1647953856542133,0.018636925762573992,8.8908385989681e-6,17.36260880456064
0.22039560024797844,0.01062804668883386,7.839807331642005e-6,18.193097473917653
8.844401041666663,0.30130649945137217,0.013153543320115863,28.769245246922296
0.30307351016662093,0.04059102938477642,5.732919895889859e-6,9.092921497835595
0.0910146316185956,0.3994830394010573,0.0002614187302259816,0.229052183551546
0.053711948774705885,0.006225913744470655,2.2388670843862458e-5,16.77001372222589
0.28516874520899727,0.04004927896965025,5.551290368646663e-6,8.669112814618664
4.6777343749999964,0.12316686005287039,0.013196616867556965,29.89840748979139
0.19488037284915313,0.030714959952056222,1.2233857214457596e-5,7.610631664645991
0.12963161416922214,0.011987849562908541,7.796750264758824e-6,17.339605456517937
0.32479070867176896,0.06750869823005204,2.1485216779561785e-5,5.622860029182147
0.2444063880023819,0.011596740119591912,8.768448347117414e-6,18.384073233980057
0.009866845777141885,0.27485483032119146,6.133272958279967e-5,0.03607580908116759
0.013775152375283206,0.15246147138125643,5.484737925754924e-5,0.09119778945792578
0.250168784762147,0.05084847947487733,9.693292343662523e-6,6.338639293306169
0.3324255493714585,0.025115714960226083,1.2059247440899548e-5,18.414444533523604
0.13872670379632301,0.019646498188526974,1.4210144506221342e-5,8.259530583280533
0.20154138764023077,0.0002549259448098236,6.1374069402569534e-6,18.394366053080116
5.7194010416666625,0.20587454977360337,0.014864386444842575,28.42091542422317
0.28961314417563155,0.02734114865874441,5.108670026134662e-6,17.913363289333084
0.06212448537750313,0.2861647534325117,6.781404905592306e-5,0.21853480507105055
0.10100484244623839,0.006423402035463639,9.15908965101843e-6,17.18830901538624
0.3078354115747845,0.049925066999715516,3.951845638250189e-6,7.770861025876161
9.886067708333329,0.18042602985953168,0.015011237635396472,30.964086381293946
0.22648662889725413,0.05474785142360992,6.665004127471063e-5,5.473588720381777
0.17289318709087245,0.009387895281820923,6.845318576306509e-6,17.7891450979684
1.5527343750005378,0.3331171493439618,0.015868843667128,4.8863001511623025
0.27125911148590764,0.009774127089408044,7.228126502625557e-6,18.719710487917023
0.03316093323326591,0.22489337990993405,8.239727576366946e-5,0.1485100003699597
0.022597235133486583,0.034068625772613235,5.576998047215947e-5,0.8306132347987327
0.2611360560007554,0.03570306753483219,7.585853291591909e-6,8.844205145064876
0.35944462711517217,0.038591355407612035,3.143429192103358e-5,12.180896651102383
0.1563547096362281,0.03837334143240595,5.9054915100737815e-5,5.101685788791494
0.2142372021098512,0.01813975858562566,6.67717707162895e-6,17.843085700282693
7.802734374999996,0.396738449129141,0.010998735137285408,22.614340745961897
0.2985035193711977,0.027388212989471108,8.118062234237553e-6,17.983348567630276
0.08101648142796253,0.23100909474109035,0.0001328481927668506,0.35408170530188793
0.0461140814427834,0.09249472977180603,6.12001151646378e-5,0.5103365324703005
0.28065685801323675,0.050873420449431536,9.204146492201535e-6,7.036668947342038
3.6360677083333304,0.015010650418065721,0.011659130745205156,31.350174972034345
0.187920226504842,0.01738444554112616,7.714858038383221e-6,17.654450038035996
0.12033777404328527,0.004511448117327565,7.4846377660146734e-6,17.404305148072552
0.3184632538276602,0.04948167805257986,7.635158145918492e-6,8.072881547124481
0.2385113559157354,0.020408346571988884,7.103794296091017e-6,17.9096490377507
0.006234140647301037,0.3710762431992018,4.8130883164841784e-5,0.016859865498515564
0.004509969426679298,0.10567531836576331,5.787634632352264e-5,0.043219513099094914
0.2355282730624178,0.036124546413640254,1.3715311860290594e-5,7.8925162460004685
0.3156102592706078,0.006382352132789988,8.343477856117548e-5,19.445878547301156
0.11560233920264656,0.017005349021337608,1.4384067460349867e-5,8.287385560012924
0.1843089917244211,0.004683469422438027,6.90110562281287e-6,18.03441655220201
3.1152343749999964,0.2599526545910057,0.013254862433380433,13.948859366658343
0.27836164859408596,0.0311029636433912,6.302488167483481e-6,17.5831290729882
0.04261091121847738,0.35869337628378567,9.585339350423548e-5,0.11934876016181323
0.07610040743465012,0.004174960975925811,1.658294250767304e-5,16.988646595034666
0.29626273560375926,0.04319263982330011,6.243337663698728e-6,8.4222070863507
7.2819010416666625,0.13271005502064726,0.013351231207374808,31.31544810429028
0.21112096636311506,0.03459704631335331,1.5224183353235737e-5,7.377903211379139
0.1520281605461726,0.012442102746769736,8.853990289000787e-6,17.523973947408145
0.3496028276173202,0.07410493702925951,0.0002098891768725229,5.4214981354656215
0.258472475963116,0.01621624825300031,9.45178840476368e-6,18.357364912447597
0.020249505189976633,0.2835163930354847,7.514323663884008e-5,0.07179270298344936
0.030324417982155544,0.08505241533532307,6.485834014695957e-5,0.3643754860243057
0.26880479510813343,0.04491436753573028,9.501166539494227e-6,7.45175380429783
1.0319010598163905,0.19633135480580194,0.013992695887814462,5.703517977632543
0.1688909070907882,0.3317551089303732,0.0005038438253852442,0.5136967990694159
0.22344785859197053,0.015292924998286965,6.258520335829644e-6,18.081070894179312
9.365234374999996,0.34902247429025657,0.013890686489401161,27.34448329047909
0.30542406398776817,0.02028060229229768,1.5043986646096084e-5,18.546045598460616
0.09602518519598269,0.07299835027359731,0.0003297326445965146,1.3969208671502487
0.057817228594261305,0.13091071958746792,0.0003161601133288562,0.4486615999415801
0.2873964397886842,0.06306975779943444,1.9081143157494444e-5,5.381560154988168
5.19856770833333,0.06908875523546805,0.015157556052848992,31.364367676341924
0.1982440953494488,0.02369623736567294,1.004009897139572e-5,17.322920720213958
0.1342017573540462,0.001225612748310691,8.476290874259542e-6,17.599064003912396
0.3283937631932063,0.04530240694743527,9.616231633448351e-6,8.920360275483727
0.24730706421578388,0.01778642022521059,7.1114695650991275e-6,18.18573697429185
0.01178409423134947,0.3228458444897166,2.9183040639578828e-5,0.036655820454922244
0.00801838241276926,0.010449767059638293,4.6542699167366495e-5,0.8722571581512584
0.24147253612930653,0.026085896871218588,8.932461939497835e-6,17.57233386841878
0.32150558224696146,0.033389269052261965,1.1946437004250114e-5,17.84508477712025
0.1250122026348493,0.055647303508140254,0.00035781208839951183,2.438833038738763
0.19144172110370472,0.013310702254630944,6.589707072710567e-6,17.858799398094
4.156901041666664,0.36810886422581035,0.016531716494948074,12.603335510642353
0.2829241016067462,0.019687756059560076,1.4034382937474092e-5,18.377445330734112
0.04981192332116857,0.2515061162085379,9.275631981301525e-5,0.19945703117118024
0.08600047565756397,0.017574432667158843,2.9373839402452333e-5,5.354416224404732
0.30077046084907716,0.05741534132738359,1.2757249841846352e-5,6.8365301176091675
8.32356770833333,0.03727810534287845,0.016182357209248682,31.943050696693355
0.21732685537293475,0.023047825759710327,9.214152067648326e-6,17.54131106031054
0.16061368698570577,0.006069753048461899,7.252989832796716e-6,17.7569869901361
0.3769691074574265,0.05504717226687859,0.00011616908777849997,8.654542289088738
0.26374538991410873,0.030432579586951888,9.02103326556529e-6,11.447274556483706
0.02505281965329523,0.3932663071073842,7.712401527569526e-5,0.06394548690499902
0.015845559570280325,0.2003448296727122,5.3238958954691256e-5,0.0796608282837647
0.2529862978605902,0.35364686884289764,0.0035883926945359905,0.7245764588286236
0.33705999620897265,0.03288473792856306,1.8183774303915404e-5,17.986565750950234
0.14320783458760467,0.027219856915210842,2.9221127719120965e-5,5.488797145402264
0.20478096016968234,0.005093163159762382,7.066674471537064e-6,18.23215527825333
6.240234374999996,0.25359052461248777,0.014320201784680407,27.17256796998192
0.2918251736531672,0.033521860295952444,5.231026397572624e-6,11.036410961726673
0.06662238580771651,0.34106188575591634,0.00019183522611654978,0.19642405980296684
0.03614620646705555,0.060741552822728154,9.161848757018837e-5,0.6184374533203275
0.2736673429514971,0.04363090159526766,6.564134127462905e-6,7.753346457843344
2.073567708333331,0.17724496487027272,0.014403512983606582,14.173343651470837
0.1767976736120129,0.07777604671067377,0.0008766604179075445,2.4866631636345313
0.10593410932647584,0.01002088334274707,1.0409302571727853e-5,17.17124571840558
0.31032334829692193,0.056296913524427145,8.68087325348948e-6,7.134359876929787
0.22951335202495718,0.0036638906337671077,1.0848326809876257e-5,18.550837680628643
0.001227039052298898,0.2273867587370934,4.1283343013346863e-5,0.005426543628774304
0.0008311567265532763,0.0239722547146329,3.3155536627508634e-5,0.03657982366073534
0.2287577829887759,0.024107951110167117,6.144112065025288e-6,17.59032844647607
0.3096932034404828,0.033699298018452464,5.583325201469309e-6,17.69317628407742
0.10470727883242242,0.21456859130058942,0.0004522215745006966,0.49355614427717653
0.17583086433598605,0.013102956718101723,6.781536231060502e-6,17.721870251816227
1.9433593749999973,0.38162839043016095,0.011261472288503495,5.321306418805408
0.2730694007815557,0.01940244436769242,6.348991385372642e-6,18.305809920314807
0.03538529610832873,0.2744509137949804,7.976984149485116e-5,0.12968854188647966
0.06548099351717718,0.08640484112454902,0.0001026080128778148,0.780789614594387
0.2912722438232368,0.05887037237347416,1.1531113210656865e-5,6.522319486780351
6.1100260416666625,0.05079763154722903,0.01858809630080588,31.76107583802999
0.20397600327749593,0.02246153985901129,8.655032411497978e-6,17.450021682286312
0.1420917029696846,0.006644159615218365,7.772982602684124e-6,17.56545144749578
0.3358316473532684,0.054589236106184234,1.7230939633866875e-5,7.841161035122854
0.25228632008730156,0.028227515779737807,7.71849691714315e-6,17.511279432110783
0.015320194891886744,0.4070758086154861,2.8668711765805668e-5,0.03776419708797393
0.024428333670217503,0.1863284240250939,4.961903030113848e-5,0.13220631302540425
0.26309812857682724,0.07020994180225153,5.140922263375615e-5,4.23003390584841
0.3711559913401592,0.03243730570847444,5.198164128778771e-5,18.276995320653008
0.15955581310209166,0.023610486074924733,1.3660222555059618e-5,7.376338488160576
0.21655660388556458,0.004536688453724429,7.396469583901503e-6,18.375133851966233
8.193359374999996,0.24166153090276668,0.01576560139167101,29.8466227211582
0.30020075088502857,0.033741238604883185,6.403903070809857e-6,11.565631487423765
0.08475021934608071,0.3003878915382319,0.00013427371824879827,0.2840657326603515
0.04886873995299501,0.03137808814159298,5.262158471772529e-5,1.975140633783212
0.28235962386604285,0.04420194829666706,6.9554755277628036e-6,7.8988801535869495
4.02669270833333,0.1653159711605516,0.015703667480951443,26.69765074676489
0.1905694043066991,0.04263045350115926,3.9176908169432125e-5,5.650000628053956
0.12384899578328698,0.007751554819387145,7.585205006131589e-6,17.371321061833875
0.320724621685865,0.05539459643490281,9.865924659217607e-6,7.438913368292555
0.2407345802443689,0.0024759169812367575,1.3685590444565174e-5,18.75128118730545
0.007566470042184212,0.2149670009664217,4.342918767689149e-5,0.03541863094920157
0.011298067100187964,0.11836826280303436,3.742212896475322e-5,0.09660266234290893
0.24658532717307635,0.042176539366175006,1.0362801520367801e-5,7.231838196113214
0.3274579329975995,0.015251400039541105,6.580925711149093e-5,19.023334186649706
0.1330635779717778,0.016182040825211432,9.802234496767953e-6,17.191849741028584
0.19740973083802044,0.0064041278903810405,6.27307594966461e-6,18.108376222892844
5.068359374999996,0.2734721807953563,0.009299656346343405,21.973013399752315
0.2868407848670673,0.03465038169751765,5.086531158271161e-6,10.16054148371334
0.056771719008307624,0.37018598985073664,0.00015015911838276884,0.15410423156453096
0.09477450448509304,0.003957092758110189,1.2436906920484794e-5,17.169047519654907
0.3048312826245052,0.04585167234082353,7.0786697681899905e-6,8.235211737595357
9.235026041666663,0.14622958122499785,0.009555973592155192,31.497588030210657
0.22268614988268376,0.040055376631827455,1.957487115041852e-5,6.856223903590733
0.16787553127692229,0.014080411676086306,9.299726448115448e-6,17.628192539814755
0.9016929537171925,0.40071478036520974,0.006197790443627697,2.2664158681533397
0.2681836118159891,0.02075962931867241,8.286887756270305e-6,18.152729952764776
0.029637182229047748,0.2957819770426377,6.602794187427159e-5,0.10073103044966095
0.019678446776410365,0.07777580374879253,7.980656903153976e-5,0.25845718153499353
0.2577981480491792,0.03996786300329295,9.262226313066935e-6,7.881629990633282
0.34766105117673407,0.042536988666641434,1.876575952752501e-5,10.001033837898177
0.1509370805054501,0.2749482927891652,0.0010698646409127099,0.5541856137866965
0.21033698518599714,0.012635951268249273,6.0686774037001e-6,18.041638021709716
7.15169270833333,0.3370934805805355,0.010853291256917502,24.483902825652535
0.295705570875497,0.01569945875963,1.4457539892849602e-5,18.706764558539906
0.07488653884496499,0.16241772954627373,0.00015146557306453705,0.46768202963829375
0.04176437479327624,0.14314165920415156,7.672037914802634e-5,0.2954547950709596
0.2777828749253653,0.05829914996960124,1.1452819880568611e-5,6.29336254311043
2.9850260416666643,0.05715976152574695,0.01122136328753879,29.743471607659753
0.18339148798232374,0.02093006700745568,1.044783126923629e-5,17.367973406548728
0.1144083642397619,0.00045470000287799964,7.746199694744209e-6,17.39422164292501
0.3149217268478889,0.04306635074986821,7.125342491303421e-6,8.951474693349109
0.23477963815760505,0.013684313877803705,7.477775822943669e-6,18.227703295191006
0.00408786187661781,0.3111541662228072,6.4005235752235e-5,0.013192543121979455
0.00579761996121603,0.1671178110838154,5.972172131204563e-5,0.034967760449907084
0.23776744268376088,0.051499148200428065,4.739397989290705e-5,5.99268834852888
0.31773399474810216,0.02635565457485192,1.5794679522497812e-5,18.205077040248455
0.11915984974358418,0.027057882706164948,4.223229519527021e-5,4.5757288797437745
0.1870260713650751,0.001442819400907879,8.6542213008801e-6,18.176091136265757
3.5058593749999964,0.21939407597795393,0.012397207325251196,19.362480151534996
0.28008588085481934,0.02681811137620326,8.833608107072638e-6,17.864195858885125
0.04522040360953035,0.3143788890671232,0.00011227725361873804,0.14461822520464823
0.07977957824158922,0.012166683506170737,2.0231402706475808e-5,16.9057961074779
0.2979412331401462,0.05034551518688904,8.484041780301541e-6,7.4917432854874555
7.6725260416666625,0.19394555606388222,0.012137871785207588,30.55425048715356
0.21346088175432543,0.12204909607859932,0.0021000841305423967,1.8217792376941722
0.15527902751608907,0.009592394563830061,7.3901740713819835e-6,17.625545316520643
0.3565756539605712,0.06180743043376193,5.622475017533082e-5,7.543162100951907
0.26047524441111997,0.01039690689264457,1.5383763894089882e-5,18.584934622145376
0.022000525115876617,0.2420154068350114,7.647278330937023e-5,0.09146886310605454
0.03243831460960966,0.018355398341915508,7.415561966851688e-5,1.8879391246827053
0.2706499934927997,0.03719682633964465,5.3355782013355184e-6,8.814179565466157
1.4225260416740064,0.13032425627870306,0.009577181891456106,13.487205207711957
0.17190165439024746,0.031200158899448764,2.3112466335694417e-5,6.633161993140355
0.22572809444732383,0.018899778438967535,4.71837734169469e-6,17.896399359231808
9.755859374999996,0.3848094554194199,0.00980449511685816,25.920571123804418
0.3072260613125074,0.027073256342514968,6.202948435766414e-6,18.073323927695455
0.09976402945497506,0.12626363001716928,0.000323716794906651,0.807328832434058
0.061029205334982795,0.04430102822153687,0.00012884774652639275,1.5138017930326713
0.2890596597456064,0.05066562548804094,5.883314176705603e-6,7.251538849920305
5.58919270833333,0.003081656708344618,0.005818116915030455,31.922286437556885
0.200722816475275,0.017661059654467,9.84241773663612e-6,17.753474620313362
0.13759957614202367,0.003559162856099578,9.035888145319559e-6,17.597320358606453
0.33136936520810845,0.04905830330206747,1.4305776508898005e-5,8.429892542137418
0.24945730687971868,0.022250688731186984,8.86113572485508e-6,17.877614909140384
0.013270174576861339,0.3589000502225731,6.323275160948452e-5,0.03711824990421438
0.009398467083445782,0.07059457075915757,5.4624690742498814e-5,0.1360494600888153
0.24367580422742383,0.03389188396573806,8.628174550899264e-6,8.67339086403264
0.3239430272279358,0.04033202189014974,8.103597927811301e-6,9.81238906299016
0.128481585778757,0.2846958587290683,0.0004181908304623053,0.45544988227476574
0.19402805677631252,0.010415056962849615,6.231434544454685e-6,17.957850111832386
4.5475260416666625,0.3275502856127586,0.011624737465529956,15.998330257176896
0.2846093990160942,0.010796517145637003,1.2082330257314898e-5,18.808126097893997
0.05271772608142612,0.2030238107920478,9.272840857006307e-5,0.262048476410633
0.08976020679608415,0.03618720178515145,8.271707510371956e-5,3.1625541764311667
0.30249376789800675,0.09529040126866108,0.0008349420711506165,3.4755133559711577
8.714192708333329,0.09851360638611344,0.011664323132936616,31.714863291805607
0.21963010926303794,0.030592882943691307,9.678402078170017e-6,8.646673651888012
0.1637577170289553,0.0034226700830830505,7.068829583902311e-6,17.860457039857465
0.4230251218844312,0.06240072125599482,0.0009807854648440036,8.71917039792078
0.26566711162689577,0.026544289184058704,6.752105563743406e-6,17.763437067209527
0.02697067525263885,0.3516827840625709,6.785383562426812e-5,0.07701969550189561
0.017454091473338894,0.13322117621042046,5.3455739505650565e-5,0.1325058617622179
0.255067764677512,0.04802955052967496,1.610032588120504e-5,6.744301304373008
0.34110219484959503,0.02136939078782402,4.7981755954800494e-5,18.80095185364631
0.14653895297567274,0.01719196583751586,1.2269616881418323e-5,17.273386631925213
0.20717794740702283,0.00838024040114304,7.030191781104214e-6,18.13912562628941
6.630859374999996,0.2893775057416511,0.01237474033588752,26.06715688921561
0.2934851678009016,0.03773990800225935,6.654616686702272e-6,9.446701695968901
0.07010904195473774,0.385848999435539,0.0001817602536639064,0.18260858732656216
0.038489949265856895,0.0046439054054995006,6.444107663228799e-5,16.63671626973767
0.2754456047216408,0.03637564981675595,6.633949684225734e-6,9.174572102577132
2.4641927083333304,0.11123786634314928,0.01312024166896032,25.336978886625893
0.17966070153386943,0.027554750411971286,1.9785395472826488e-5,6.901560458971218
0.1095907653784331,0.012885250049459951,1.1959570061501063e-5,17.144834794544554
0.31225093211960997,0.06318152556185547,2.2388922551743576e-5,6.595107125798154
0.2317754350537271,0.008207531873355175,8.367008582113457e-6,18.386550895967808
0.002433499375389908,0.26327229518312856,3.2571376810338246e-5,0.009288466318262231
0.0016260249724637165,0.14350065517772825,2.604909790748981e-5,0.011432913501579468
0.23026816414622892,0.041778599598255944,3.132752175111992e-5,6.838100071605233
0.31095945557828714,0.020872996342401456,2.087721068675964e-5,18.54911846555444
0.10715703374793817,0.02889022952101362,2.9812952653327865e-5,3.831804163281176
0.1777582476730879,0.007128297539454744,6.785379377242976e-6,17.89605323162022
2.2037760416666643,0.29733016821479846,0.012633187755915293,8.077481961883095
0.27426264669720435,0.03412937343624639,8.640694367433975e-6,9.80439427854053
0.036917158838751504,0.3987482889682715,7.274203982255246e-5,0.09295411887830263
0.06777446708090379,0.003035442496638729,3.237001213399425e-5,16.92062266790519
0.29237823040949285,0.04107633693473398,9.283988781817087e-6,8.684309683169436
6.37044270833333,0.11919052881629669,0.013367448468536566,31.20932005597134
0.20558284907214397,0.031287806069083844,2.1896605309151806e-5,7.888988371663764
0.14432112945411918,0.011354738794112494,8.98149387218337e-6,17.48442319401323
0.3383433875599129,0.06709686033732833,6.910542477667805e-5,6.252978106410504
0.25368323524023095,0.013126556042486404,1.4660171115186026e-5,18.41655166465648
0.016376262488289436,0.2702706341971434,3.9834534782659676e-5,0.060911306208478434
0.02568460545762106,0.04779057559360073,5.9121335373473674e-5,0.5629076815661833
0.26438929324476834,0.038541903987742605,7.049461351624883e-6,8.334182450025768
0.38485236744064094,0.041139822907570546,0.00016625677168750978,11.922339081075332
0.16166672686452077,0.0480546155117109,0.0003981380791173803,4.425698503159845
0.2180958062133767,0.011158624604319272,6.168143222221307e-6,18.15530929412163
8.453776041666663,0.3100544281718343,0.01399009251293101,28.21916872505758
0.301342420562341,0.004642790723091391,4.9232257562431736e-5,19.437695211168162
0.08725259696404933,0.05863014485382687,0.00032677241841506173,1.5775290354228493
0.05076776469555795,0.15781395024568007,0.0001269127396282879,0.3256597971616151
0.2834871654724133,0.06728499043244848,2.3049445615207043e-5,4.818498183155713
4.2871093749999964,0.08101774894518915,0.013412554652406148,30.61167403886686
0.1923088552922173,0.024414684217851493,1.1038715666449991e-5,9.138222312794873
0.12617197231181917,0.00203923147735662,8.002599425744207e-6,17.51339910465149
0.3223016155434724,0.046079171177211095,8.68306725924621e-6,8.640302089699684
0.24220878607458238,0.01773432813843239,7.456099847405313e-6,18.139873974004907
0.008474306622637387,0.3350052463048508,5.324017465029131e-5,0.025397932203703955
0.012274731957638993,0.04601341215566943,4.4941666862602996e-5,0.27731954919239055
0.24802636389402366,0.03237956069585998,9.64242038562896e-6,9.290002841433807
0.3293560987171511,0.038241232072446604,9.415286031966706e-6,10.660927869231902
0.13533712539750398,0.14748017484526374,0.00031964040926357404,0.9377508592841737
0.1990743069755012,0.01707608591752093,5.8345296560831285e-6,17.778527483368983
5.3287760416666625,0.4054863778496032,0.008382647199382642,15.605792728813999
0.2879514060999071,0.026451393291260044,1.0126748970093323e-5,17.948844997071255
0.058875401583522724,0.28508696723943405,0.0001167651812862507,0.20787525606796933
0.09727389602321643,0.011397557024223941,1.4071281758532995e-5,17.072644231706974
0.30602063287928405,0.05577927727281484,1.2224751181519682e-5,7.09404255731493
9.495442708333329,0.02375857913852786,0.011726719567703398,31.98857599052874
0.22420873194236185,0.02297323578635288,9.503611627532262e-6,17.612871375926822
0.1699004427881013,0.005453980294253911,7.679919205361035e-6,17.864766619026305
1.1621093763424348,0.27824377827924474,0.012890972657295156,4.4008837074997516
0.26942288734517617,0.03066034705863926,9.537614172227689e-6,17.52895516465803
0.03102023533716008,0.3791757818729417,9.408956702760872e-5,0.08214753050406728
0.020826788207874515,0.15980778889921002,5.9275085406471043e-5,0.13155719538670152
0.25914344506047454,0.05578136626138472,2.2504065129906968e-5,6.104722225441892
0.3517106671258441,0.027645900698998735,4.374909729192787e-5,18.417232782511675
0.15311560576625866,0.020073207498859918,1.3371533259110248e-5,17.159797570755305
0.21190286944913767,0.001356860261090487,9.885237198828963e-6,18.46241067360193
7.412109374999996,0.21462247849406552,0.01545105335711261,30.02823051925887
0.2968209788678523,0.029916625692452077,8.248326895433494e-6,17.83502530695126
0.07732093501948112,0.2730481522565385,0.00028816733284286344,0.28532026151242695
0.043468980862246716,0.06471465125876659,0.00011664352468755617,0.7022818412348535
0.2789383555296008,0.046411356454462725,8.709659381043377e-6,7.515087464177629
3.2454427083333304,0.1891739585799938,0.014928793865122435,21.18452931189635
0.18522053926136997,0.1827673126390926,0.0008982229879140383,1.031985587827052
0.11679220543302789,0.009925821672655323,9.869169797555561e-6,17.272172064540605
0.316308108091637,0.058668745214850083,1.4937494809175635e-5,7.040580537969695
0.23627582953744022,0.005795103949466716,1.2996824217487943e-5,18.529818914154138
0.00493559338319884,0.23916093213102388,4.637185577065556e-5,0.020750421540354134
0.003253974263533756,0.09541810801783804,5.802241500333895e-5,0.034574465245972255
0.23327936798554072,0.03384752883103295,9.159956594007304e-6,8.305541499445994
0.31357058419394457,0.04180939205361267,5.792175853240426e-6,9.153075214276342
0.1120079320727625,0.39274102870886995,0.00042858893553052293,0.28687392138676915
0.18153835292621623,0.011252478053247873,7.394611148159475e-6,17.82320305535243
2.7246093749999964,0.3514082730322008,0.013657685236561303,8.342713144373018
0.2766188231250599,0.015078808160451356,7.198363225683684e-6,18.556309097432667
0.04010518639527862,0.24058367323342134,0.0001130595233191768,0.16786445643649478
0.07248109266806067,0.08539137190173851,0.00013711362012465238,0.8761629436612949
0.29459396503495716,0.06471330627562959,1.7376505893317747e-5,5.314547498963831
6.8912760416666625,0.07147455397741227,0.014044602989810634,31.74146488029527
0.20876232812516923,0.025313767515007798,8.289447709940649e-6,10.020033579268404
0.14874454075325672,0.001413383951392481,8.520245658021797e-6,17.76633994721301
0.344175356293942,0.04629960468071706,1.8150556749400526e-5,9.15752045102579
0.2564395087694779,0.0206660147518235,7.195723567653128e-6,18.052004860781068
0.01855452448197082,0.32483877848140524,7.223329186965882e-5,0.05737425035788847
0.028287773346929963,0.10175882618347051,8.950993509024696e-5,0.2826768667010029
0.26693179450341853,0.04663825761926742,1.075340142565777e-5,7.190826723583614
0.641321558782437,0.007853353080006342,0.013092038165748922,23.990056862875445
0.16582765901173274,0.015133064640597478,8.307382726670047e-6,17.59015732365087
0.22116006779753677,0.006986689403661536,7.928331494881305e-6,18.327287970056215
8.974609374999996,0.2623384533329499,0.01068009241469568,29.602122336493522
0.30365621232990686,0.036583149441560395,6.679980234132574e-6,10.16475562744774
0.09226879894631532,0.3238694453197916,0.00034422624356067417,0.28682260309292007
0.0547190309667169,0.009620217424032088,2.694211921771767e-5,16.722472022526027
0.2857270306011812,0.04147819329177711,7.02846195520848e-6,8.422256026276413
4.80794270833333,0.13509585376259148,0.010292199129029567,29.704027572561778
0.19572800302339383,0.03311200798619782,2.2209448446992316e-5,7.130491481189054
0.1307785717490539,0.012920876908837703,1.091119910483356e-5,17.324513432703096
0.32565809408540647,0.0729077531459104,0.00014355776041713987,5.110390005899811
0.24513489795132265,0.013189184614195234,9.027660273226177e-6,18.336707311327544
0.010339521290676914,0.28684496573985824,4.688957021762783e-5,0.03621741188056568
0.006674413945040015,0.19103659557660907,5.8511439756005146e-5,0.03518227570371557
0.2392539045700011,0.0701743979533286,0.00027288225325144066,3.822324076751864
0.3192042802750268,0.030162898780440657,9.928316228286258e-6,17.995656024442923
0.12151187812389785,0.03505898306304474,8.894997198904869e-5,4.325919722118507
0.1888087656017967,0.003521755387271462,7.628967543023975e-6,18.123257582819406
3.7662760416666643,0.24325206339739616,0.013632652865170293,18.548664442516156
0.2812260859159985,0.029938985901527448,6.145971644798724e-6,17.694043208148056
0.04701993934610292,0.3395437159588009,0.00010428996720050659,0.13917758644781114
0.0822576263488925,0.007612723709905895,1.6562007079359805e-5,16.994353634113757
0.29906743506049666,0.04733249840448277,6.3456270356890475e-6,7.890212631641406
7.93294270833333,0.1669065036551811,0.013499794469961952,31.04444450939566
0.21501186624263985,0.04500363476023561,4.1676550353057234e-5,6.059495974224296
0.15742617059441008,0.00782417457835534,8.776675335854539e-6,17.685962950917357
0.36272036257789086,0.05774819686377339,7.601126626499078e-5,8.05518225039787
0.2617934712699356,0.00464158996489447,1.8710761221888253e-5,18.86870708805464
0.023200682110879736,0.21422842298651165,6.67884828596202e-5,0.10906381912506294
0.014285086693920798,0.0012262775368841157,1.910122447864666e-5,16.439996923211865
0.25087749517983304,0.027941025666259438,4.391841959454275e-6,17.56072208624355
0.33351884608154525,0.03299258732568382,1.3124874848837072e-5,17.954570859782052
0.1398511089886761,0.028663859559535137,1.4522807780087507e-5,5.056238633430513
0.20235635188043374,0.013511222752428999,4.701645590712263e-6,17.94775344777219
5.849609374999996,0.3577704030107187,0.014057951403818537,19.087777051962526
0.2901663343330062,0.019388639758897944,3.0494483032904577e-6,18.473728601635045
0.06323172536081516,0.22122573115393954,4.574748581217043e-5,0.2883531770784541
0.0338928465061217,0.11805379560501757,2.225341241305514e-5,0.29139003522848617
0.27186534629757897,0.05096579838749645,6.013399088697785e-6,6.825821451882603
1.6829427083333681,0.026939644127786825,0.013052729236897473,28.14531058925506
0.17387859380667198,0.017270652446037316,9.38178148753499e-6,17.534454512984478
0.10224246655811714,0.006251451144748131,1.1979732224261914e-5,17.202603801311298
0.3084495324451347,0.04989840690578871,6.921625084232798e-6,7.78839964963325
0.22724441842333687,0.019038223725502585,9.534214735914179e-6,17.900872584425798
4.851726360145369e-5,0.3831257528529924,2.4322607349984035e-5,0.00012705151839386027
